,eigval1,eigval2,m_e,b_e,m_w,b_w,perp
0,0j,1j,-1,0,0,4,True
1,0j,2j,-1,0,0,1,True
2,0j,3j,-1,0,0,5,True
3,0j,4j,-1,0,0,2,True
4,0j,5j,-1,0,0,6,True
5,0j,6j,-1,0,0,3,True
6,0j,(1+0j),0,0,-1,4.0,True
7,0j,(1+1j),1,0,6,1,True
8,0j,(1+2j),2,0,3,3,True
9,0j,(1+3j),3,0,2,4,True
10,0j,(1+4j),4,0,5,3,True
11,0j,(1+5j),5,0,4,4,True
12,0j,(1+6j),6,0,1,6,True
13,0j,(2+0j),0,0,-1,1.0,True
14,0j,(2+1j),4,0,5,6,True
15,0j,(2+2j),1,0,6,2,True
16,0j,(2+3j),5,0,4,1,True
17,0j,(2+4j),2,0,3,6,True
18,0j,(2+5j),6,0,1,5,True
19,0j,(2+6j),3,0,2,1,True
20,0j,(3+0j),0,0,-1,5.0,True
21,0j,(3+1j),5,0,4,5,True
22,0j,(3+2j),3,0,2,5,True
23,0j,(3+3j),1,0,6,3,True
24,0j,(3+4j),6,0,1,4,True
25,0j,(3+5j),4,0,5,2,True
26,0j,(3+6j),2,0,3,2,True
27,0j,(4+0j),0,0,-1,2.0,True
28,0j,(4+1j),2,0,3,5,True
29,0j,(4+2j),4,0,5,5,True
30,0j,(4+3j),6,0,1,3,True
31,0j,(4+4j),1,0,6,4,True
32,0j,(4+5j),3,0,2,2,True
33,0j,(4+6j),5,0,4,2,True
34,0j,(5+0j),0,0,-1,6.0,True
35,0j,(5+1j),3,0,2,6,True
36,0j,(5+2j),6,0,1,2,True
37,0j,(5+3j),2,0,3,1,True
38,0j,(5+4j),5,0,4,6,True
39,0j,(5+5j),1,0,6,5,True
40,0j,(5+6j),4,0,5,1,True
41,0j,(6+0j),0,0,-1,3.0,True
42,0j,(6+1j),6,0,1,1,True
43,0j,(6+2j),5,0,4,3,True
44,0j,(6+3j),4,0,5,4,True
45,0j,(6+4j),3,0,2,3,True
46,0j,(6+5j),2,0,3,4,True
47,0j,(6+6j),1,0,6,6,True
48,1j,0j,-1,0,0,4,True
49,1j,2j,-1,0,0,5,True
50,1j,3j,-1,0,0,2,True
51,1j,4j,-1,0,0,6,True
52,1j,5j,-1,0,0,3,True
53,1j,6j,-1,0,0,0,True
54,1j,(1+0j),6,1,1,0,True
55,1j,(1+1j),0,1,-1,4.0,True
56,1j,(1+2j),1,1,6,2,True
57,1j,(1+3j),2,1,3,4,True
58,1j,(1+4j),3,1,2,5,True
59,1j,(1+5j),4,1,5,4,True
60,1j,(1+6j),5,1,4,5,True
61,1j,(2+0j),3,1,2,2,True
62,1j,(2+1j),0,1,-1,1.0,True
63,1j,(2+2j),4,1,5,0,True
64,1j,(2+3j),1,1,6,3,True
65,1j,(2+4j),5,1,4,2,True
66,1j,(2+5j),2,1,3,0,True
67,1j,(2+6j),6,1,1,6,True
68,1j,(3+0j),2,1,3,3,True
69,1j,(3+1j),0,1,-1,5.0,True
70,1j,(3+2j),5,1,4,6,True
71,1j,(3+3j),3,1,2,6,True
72,1j,(3+4j),1,1,6,4,True
73,1j,(3+5j),6,1,1,5,True
74,1j,(3+6j),4,1,5,3,True
75,1j,(4+0j),5,1,4,3,True
76,1j,(4+1j),0,1,-1,2.0,True
77,1j,(4+2j),2,1,3,6,True
78,1j,(4+3j),4,1,5,6,True
79,1j,(4+4j),6,1,1,4,True
80,1j,(4+5j),1,1,6,5,True
81,1j,(4+6j),3,1,2,3,True
82,1j,(5+0j),4,1,5,2,True
83,1j,(5+1j),0,1,-1,6.0,True
84,1j,(5+2j),3,1,2,0,True
85,1j,(5+3j),6,1,1,3,True
86,1j,(5+4j),2,1,3,2,True
87,1j,(5+5j),5,1,4,0,True
88,1j,(5+6j),1,1,6,6,True
89,1j,(6+0j),1,1,6,0,True
90,1j,(6+1j),0,1,-1,3.0,True
91,1j,(6+2j),6,1,1,2,True
92,1j,(6+3j),5,1,4,4,True
93,1j,(6+4j),4,1,5,5,True
94,1j,(6+5j),3,1,2,4,True
95,1j,(6+6j),2,1,3,5,True
96,2j,0j,-1,0,0,1,True
97,2j,1j,-1,0,0,5,True
98,2j,3j,-1,0,0,6,True
99,2j,4j,-1,0,0,3,True
100,2j,5j,-1,0,0,0,True
101,2j,6j,-1,0,0,4,True
102,2j,(1+0j),5,2,4,6,True
103,2j,(1+1j),6,2,1,1,True
104,2j,(1+2j),0,2,-1,4.0,True
105,2j,(1+3j),1,2,6,3,True
106,2j,(1+4j),2,2,3,5,True
107,2j,(1+5j),3,2,2,6,True
108,2j,(1+6j),4,2,5,5,True
109,2j,(2+0j),6,2,1,0,True
110,2j,(2+1j),3,2,2,3,True
111,2j,(2+2j),0,2,-1,1.0,True
112,2j,(2+3j),4,2,5,1,True
113,2j,(2+4j),1,2,6,4,True
114,2j,(2+5j),5,2,4,3,True
115,2j,(2+6j),2,2,3,1,True
116,2j,(3+0j),4,2,5,4,True
117,2j,(3+1j),2,2,3,4,True
118,2j,(3+2j),0,2,-1,5.0,True
119,2j,(3+3j),5,2,4,0,True
120,2j,(3+4j),3,2,2,0,True
121,2j,(3+5j),1,2,6,5,True
122,2j,(3+6j),6,2,1,6,True
123,2j,(4+0j),3,2,2,4,True
124,2j,(4+1j),5,2,4,4,True
125,2j,(4+2j),0,2,-1,2.0,True
126,2j,(4+3j),2,2,3,0,True
127,2j,(4+4j),4,2,5,0,True
128,2j,(4+5j),6,2,1,5,True
129,2j,(4+6j),1,2,6,6,True
130,2j,(5+0j),1,2,6,0,True
131,2j,(5+1j),4,2,5,3,True
132,2j,(5+2j),0,2,-1,6.0,True
133,2j,(5+3j),3,2,2,1,True
134,2j,(5+4j),6,2,1,4,True
135,2j,(5+5j),2,2,3,3,True
136,2j,(5+6j),5,2,4,1,True
137,2j,(6+0j),2,2,3,6,True
138,2j,(6+1j),1,2,6,1,True
139,2j,(6+2j),0,2,-1,3.0,True
140,2j,(6+3j),6,2,1,3,True
141,2j,(6+4j),5,2,4,5,True
142,2j,(6+5j),4,2,5,6,True
143,2j,(6+6j),3,2,2,5,True
144,3j,0j,-1,0,0,5,True
145,3j,1j,-1,0,0,2,True
146,3j,2j,-1,0,0,6,True
147,3j,4j,-1,0,0,0,True
148,3j,5j,-1,0,0,4,True
149,3j,6j,-1,0,0,1,True
150,3j,(1+0j),4,3,5,6,True
151,3j,(1+1j),5,3,4,0,True
152,3j,(1+2j),6,3,1,2,True
153,3j,(1+3j),0,3,-1,4.0,True
154,3j,(1+4j),1,3,6,4,True
155,3j,(1+5j),2,3,3,6,True
156,3j,(1+6j),3,3,2,0,True
157,3j,(2+0j),2,3,3,2,True
158,3j,(2+1j),6,3,1,1,True
159,3j,(2+2j),3,3,2,4,True
160,3j,(2+3j),0,3,-1,1.0,True
161,3j,(2+4j),4,3,5,2,True
162,3j,(2+5j),1,3,6,5,True
163,3j,(2+6j),5,3,4,4,True
164,3j,(3+0j),6,3,1,0,True
165,3j,(3+1j),4,3,5,5,True
166,3j,(3+2j),2,3,3,5,True
167,3j,(3+3j),0,3,-1,5.0,True
168,3j,(3+4j),5,3,4,1,True
169,3j,(3+5j),3,3,2,1,True
170,3j,(3+6j),1,3,6,6,True
171,3j,(4+0j),1,3,6,0,True
172,3j,(4+1j),3,3,2,5,True
173,3j,(4+2j),5,3,4,5,True
174,3j,(4+3j),0,3,-1,2.0,True
175,3j,(4+4j),2,3,3,1,True
176,3j,(4+5j),4,3,5,1,True
177,3j,(4+6j),6,3,1,6,True
178,3j,(5+0j),5,3,4,2,True
179,3j,(5+1j),1,3,6,1,True
180,3j,(5+2j),4,3,5,4,True
181,3j,(5+3j),0,3,-1,6.0,True
182,3j,(5+4j),3,3,2,2,True
183,3j,(5+5j),6,3,1,5,True
184,3j,(5+6j),2,3,3,4,True
185,3j,(6+0j),3,3,2,6,True
186,3j,(6+1j),2,3,3,0,True
187,3j,(6+2j),1,3,6,2,True
188,3j,(6+3j),0,3,-1,3.0,True
189,3j,(6+4j),6,3,1,4,True
190,3j,(6+5j),5,3,4,6,True
191,3j,(6+6j),4,3,5,0,True
192,4j,0j,-1,0,0,2,True
193,4j,1j,-1,0,0,6,True
194,4j,2j,-1,0,0,3,True
195,4j,3j,-1,0,0,0,True
196,4j,5j,-1,0,0,1,True
197,4j,6j,-1,0,0,5,True
198,4j,(1+0j),3,4,2,1,True
199,4j,(1+1j),4,4,5,0,True
200,4j,(1+2j),5,4,4,1,True
201,4j,(1+3j),6,4,1,3,True
202,4j,(1+4j),0,4,-1,4.0,True
203,4j,(1+5j),1,4,6,5,True
204,4j,(1+6j),2,4,3,0,True
205,4j,(2+0j),5,4,4,5,True
206,4j,(2+1j),2,4,3,3,True
207,4j,(2+2j),6,4,1,2,True
208,4j,(2+3j),3,4,2,5,True
209,4j,(2+4j),0,4,-1,1.0,True
210,4j,(2+5j),4,4,5,3,True
211,4j,(2+6j),1,4,6,6,True
212,4j,(3+0j),1,4,6,0,True
213,4j,(3+1j),6,4,1,1,True
214,4j,(3+2j),4,4,5,6,True
215,4j,(3+3j),2,4,3,6,True
216,4j,(3+4j),0,4,-1,5.0,True
217,4j,(3+5j),5,4,4,2,True
218,4j,(3+6j),3,4,2,2,True
219,4j,(4+0j),6,4,1,0,True
220,4j,(4+1j),1,4,6,1,True
221,4j,(4+2j),3,4,2,6,True
222,4j,(4+3j),5,4,4,6,True
223,4j,(4+4j),0,4,-1,2.0,True
224,4j,(4+5j),2,4,3,2,True
225,4j,(4+6j),4,4,5,2,True
226,4j,(5+0j),2,4,3,5,True
227,4j,(5+1j),5,4,4,3,True
228,4j,(5+2j),1,4,6,2,True
229,4j,(5+3j),4,4,5,5,True
230,4j,(5+4j),0,4,-1,6.0,True
231,4j,(5+5j),3,4,2,3,True
232,4j,(5+6j),6,4,1,6,True
233,4j,(6+0j),4,4,5,1,True
234,4j,(6+1j),3,4,2,0,True
235,4j,(6+2j),2,4,3,1,True
236,4j,(6+3j),1,4,6,3,True
237,4j,(6+4j),0,4,-1,3.0,True
238,4j,(6+5j),6,4,1,5,True
239,4j,(6+6j),5,4,4,0,True
240,5j,0j,-1,0,0,6,True
241,5j,1j,-1,0,0,3,True
242,5j,2j,-1,0,0,0,True
243,5j,3j,-1,0,0,4,True
244,5j,4j,-1,0,0,1,True
245,5j,6j,-1,0,0,2,True
246,5j,(1+0j),2,5,3,1,True
247,5j,(1+1j),3,5,2,2,True
248,5j,(1+2j),4,5,5,1,True
249,5j,(1+3j),5,5,4,2,True
250,5j,(1+4j),6,5,1,4,True
251,5j,(1+5j),0,5,-1,4.0,True
252,5j,(1+6j),1,5,6,6,True
253,5j,(2+0j),1,5,6,0,True
254,5j,(2+1j),5,5,4,6,True
255,5j,(2+2j),2,5,3,4,True
256,5j,(2+3j),6,5,1,3,True
257,5j,(2+4j),3,5,2,6,True
258,5j,(2+5j),0,5,-1,1.0,True
259,5j,(2+6j),4,5,5,4,True
260,5j,(3+0j),3,5,2,3,True
261,5j,(3+1j),1,5,6,1,True
262,5j,(3+2j),6,5,1,2,True
263,5j,(3+3j),4,5,5,0,True
264,5j,(3+4j),2,5,3,0,True
265,5j,(3+5j),0,5,-1,5.0,True
266,5j,(3+6j),5,5,4,3,True
267,5j,(4+0j),4,5,5,3,True
268,5j,(4+1j),6,5,1,1,True
269,5j,(4+2j),1,5,6,2,True
270,5j,(4+3j),3,5,2,0,True
271,5j,(4+4j),5,5,4,0,True
272,5j,(4+5j),0,5,-1,2.0,True
273,5j,(4+6j),2,5,3,3,True
274,5j,(5+0j),6,5,1,0,True
275,5j,(5+1j),2,5,3,6,True
276,5j,(5+2j),5,5,4,4,True
277,5j,(5+3j),1,5,6,3,True
278,5j,(5+4j),4,5,5,6,True
279,5j,(5+5j),0,5,-1,6.0,True
280,5j,(5+6j),3,5,2,4,True
281,5j,(6+0j),5,5,4,1,True
282,5j,(6+1j),4,5,5,2,True
283,5j,(6+2j),3,5,2,1,True
284,5j,(6+3j),2,5,3,2,True
285,5j,(6+4j),1,5,6,4,True
286,5j,(6+5j),0,5,-1,3.0,True
287,5j,(6+6j),6,5,1,6,True
288,6j,0j,-1,0,0,3,True
289,6j,1j,-1,0,0,0,True
290,6j,2j,-1,0,0,4,True
291,6j,3j,-1,0,0,1,True
292,6j,4j,-1,0,0,5,True
293,6j,5j,-1,0,0,2,True
294,6j,(1+0j),1,6,6,0,True
295,6j,(1+1j),2,6,3,2,True
296,6j,(1+2j),3,6,2,3,True
297,6j,(1+3j),4,6,5,2,True
298,6j,(1+4j),5,6,4,3,True
299,6j,(1+5j),6,6,1,5,True
300,6j,(1+6j),0,6,-1,4.0,True
301,6j,(2+0j),4,6,5,5,True
302,6j,(2+1j),1,6,6,1,True
303,6j,(2+2j),5,6,4,0,True
304,6j,(2+3j),2,6,3,5,True
305,6j,(2+4j),6,6,1,4,True
306,6j,(2+5j),3,6,2,0,True
307,6j,(2+6j),0,6,-1,1.0,True
308,6j,(3+0j),5,6,4,4,True
309,6j,(3+1j),3,6,2,4,True
310,6j,(3+2j),1,6,6,2,True
311,6j,(3+3j),6,6,1,3,True
312,6j,(3+4j),4,6,5,1,True
313,6j,(3+5j),2,6,3,1,True
314,6j,(3+6j),0,6,-1,5.0,True
315,6j,(4+0j),2,6,3,4,True
316,6j,(4+1j),4,6,5,4,True
317,6j,(4+2j),6,6,1,2,True
318,6j,(4+3j),1,6,6,3,True
319,6j,(4+4j),3,6,2,1,True
320,6j,(4+5j),5,6,4,1,True
321,6j,(4+6j),0,6,-1,2.0,True
322,6j,(5+0j),3,6,2,5,True
323,6j,(5+1j),6,6,1,1,True
324,6j,(5+2j),2,6,3,0,True
325,6j,(5+3j),5,6,4,5,True
326,6j,(5+4j),1,6,6,4,True
327,6j,(5+5j),4,6,5,0,True
328,6j,(5+6j),0,6,-1,6.0,True
329,6j,(6+0j),6,6,1,0,True
330,6j,(6+1j),5,6,4,2,True
331,6j,(6+2j),4,6,5,3,True
332,6j,(6+3j),3,6,2,2,True
333,6j,(6+4j),2,6,3,3,True
334,6j,(6+5j),1,6,6,5,True
335,6j,(6+6j),0,6,-1,3.0,True
336,(1+0j),0j,0,0,-1,4.0,True
337,(1+0j),1j,6,1,1,0,True
338,(1+0j),2j,5,2,4,6,True
339,(1+0j),3j,4,3,5,6,True
340,(1+0j),4j,3,4,2,1,True
341,(1+0j),5j,2,5,3,1,True
342,(1+0j),6j,1,6,6,0,True
343,(1+0j),(1+1j),-1,1,0,4,True
344,(1+0j),(1+2j),-1,1,0,1,True
345,(1+0j),(1+3j),-1,1,0,5,True
346,(1+0j),(1+4j),-1,1,0,2,True
347,(1+0j),(1+5j),-1,1,0,6,True
348,(1+0j),(1+6j),-1,1,0,3,True
349,(1+0j),(2+0j),0,0,-1,5.0,True
350,(1+0j),(2+1j),1,6,6,2,True
351,(1+0j),(2+2j),2,5,3,0,True
352,(1+0j),(2+3j),3,4,2,2,True
353,(1+0j),(2+4j),4,3,5,5,True
354,(1+0j),(2+5j),5,2,4,0,True
355,(1+0j),(2+6j),6,1,1,5,True
356,(1+0j),(3+0j),0,0,-1,2.0,True
357,(1+0j),(3+1j),4,3,5,1,True
358,(1+0j),(3+2j),1,6,6,3,True
359,(1+0j),(3+3j),5,2,4,4,True
360,(1+0j),(3+4j),2,5,3,3,True
361,(1+0j),(3+5j),6,1,1,4,True
362,(1+0j),(3+6j),3,4,2,6,True
363,(1+0j),(4+0j),0,0,-1,6.0,True
364,(1+0j),(4+1j),5,2,4,1,True
365,(1+0j),(4+2j),3,4,2,3,True
366,(1+0j),(4+3j),1,6,6,4,True
367,(1+0j),(4+4j),6,1,1,3,True
368,(1+0j),(4+5j),4,3,5,4,True
369,(1+0j),(4+6j),2,5,3,6,True
370,(1+0j),(5+0j),0,0,-1,3.0,True
371,(1+0j),(5+1j),2,5,3,2,True
372,(1+0j),(5+2j),4,3,5,0,True
373,(1+0j),(5+3j),6,1,1,2,True
374,(1+0j),(5+4j),1,6,6,5,True
375,(1+0j),(5+5j),3,4,2,0,True
376,(1+0j),(5+6j),5,2,4,5,True
377,(1+0j),(6+0j),0,0,-1,0.0,True
378,(1+0j),(6+1j),3,4,2,4,True
379,(1+0j),(6+2j),6,1,1,1,True
380,(1+0j),(6+3j),2,5,3,5,True
381,(1+0j),(6+4j),5,2,4,2,True
382,(1+0j),(6+5j),1,6,6,6,True
383,(1+0j),(6+6j),4,3,5,3,True
384,(1+1j),0j,1,0,6,1,True
385,(1+1j),1j,0,1,-1,4.0,True
386,(1+1j),2j,6,2,1,1,True
387,(1+1j),3j,5,3,4,0,True
388,(1+1j),4j,4,4,5,0,True
389,(1+1j),5j,3,5,2,2,True
390,(1+1j),6j,2,6,3,2,True
391,(1+1j),(1+0j),-1,1,0,4,True
392,(1+1j),(1+2j),-1,1,0,5,True
393,(1+1j),(1+3j),-1,1,0,2,True
394,(1+1j),(1+4j),-1,1,0,6,True
395,(1+1j),(1+5j),-1,1,0,3,True
396,(1+1j),(1+6j),-1,1,0,0,True
397,(1+1j),(2+0j),6,2,1,6,True
398,(1+1j),(2+1j),0,1,-1,5.0,True
399,(1+1j),(2+2j),1,0,6,3,True
400,(1+1j),(2+3j),2,6,3,1,True
401,(1+1j),(2+4j),3,5,2,3,True
402,(1+1j),(2+5j),4,4,5,6,True
403,(1+1j),(2+6j),5,3,4,1,True
404,(1+1j),(3+0j),3,5,2,0,True
405,(1+1j),(3+1j),0,1,-1,2.0,True
406,(1+1j),(3+2j),4,4,5,2,True
407,(1+1j),(3+3j),1,0,6,4,True
408,(1+1j),(3+4j),5,3,4,5,True
409,(1+1j),(3+5j),2,6,3,4,True
410,(1+1j),(3+6j),6,2,1,5,True
411,(1+1j),(4+0j),2,6,3,0,True
412,(1+1j),(4+1j),0,1,-1,6.0,True
413,(1+1j),(4+2j),5,3,4,2,True
414,(1+1j),(4+3j),3,5,2,4,True
415,(1+1j),(4+4j),1,0,6,5,True
416,(1+1j),(4+5j),6,2,1,4,True
417,(1+1j),(4+6j),4,4,5,5,True
418,(1+1j),(5+0j),5,3,4,6,True
419,(1+1j),(5+1j),0,1,-1,3.0,True
420,(1+1j),(5+2j),2,6,3,3,True
421,(1+1j),(5+3j),4,4,5,1,True
422,(1+1j),(5+4j),6,2,1,3,True
423,(1+1j),(5+5j),1,0,6,6,True
424,(1+1j),(5+6j),3,5,2,1,True
425,(1+1j),(6+0j),4,4,5,4,True
426,(1+1j),(6+1j),0,1,-1,0.0,True
427,(1+1j),(6+2j),3,5,2,5,True
428,(1+1j),(6+3j),6,2,1,2,True
429,(1+1j),(6+4j),2,6,3,6,True
430,(1+1j),(6+5j),5,3,4,3,True
431,(1+1j),(6+6j),1,0,6,0,True
432,(1+2j),0j,2,0,3,3,True
433,(1+2j),1j,1,1,6,2,True
434,(1+2j),2j,0,2,-1,4.0,True
435,(1+2j),3j,6,3,1,2,True
436,(1+2j),4j,5,4,4,1,True
437,(1+2j),5j,4,5,5,1,True
438,(1+2j),6j,3,6,2,3,True
439,(1+2j),(1+0j),-1,1,0,1,True
440,(1+2j),(1+1j),-1,1,0,5,True
441,(1+2j),(1+3j),-1,1,0,6,True
442,(1+2j),(1+4j),-1,1,0,3,True
443,(1+2j),(1+5j),-1,1,0,0,True
444,(1+2j),(1+6j),-1,1,0,4,True
445,(1+2j),(2+0j),5,4,4,2,True
446,(1+2j),(2+1j),6,3,1,0,True
447,(1+2j),(2+2j),0,2,-1,5.0,True
448,(1+2j),(2+3j),1,1,6,4,True
449,(1+2j),(2+4j),2,0,3,2,True
450,(1+2j),(2+5j),3,6,2,4,True
451,(1+2j),(2+6j),4,5,5,0,True
452,(1+2j),(3+0j),6,3,1,6,True
453,(1+2j),(3+1j),3,6,2,1,True
454,(1+2j),(3+2j),0,2,-1,2.0,True
455,(1+2j),(3+3j),4,5,5,3,True
456,(1+2j),(3+4j),1,1,6,5,True
457,(1+2j),(3+5j),5,4,4,6,True
458,(1+2j),(3+6j),2,0,3,5,True
459,(1+2j),(4+0j),4,5,5,6,True
460,(1+2j),(4+1j),2,0,3,1,True
461,(1+2j),(4+2j),0,2,-1,6.0,True
462,(1+2j),(4+3j),5,4,4,3,True
463,(1+2j),(4+4j),3,6,2,5,True
464,(1+2j),(4+5j),1,1,6,6,True
465,(1+2j),(4+6j),6,3,1,5,True
466,(1+2j),(5+0j),3,6,2,2,True
467,(1+2j),(5+1j),5,4,4,0,True
468,(1+2j),(5+2j),0,2,-1,3.0,True
469,(1+2j),(5+3j),2,0,3,4,True
470,(1+2j),(5+4j),4,5,5,2,True
471,(1+2j),(5+5j),6,3,1,4,True
472,(1+2j),(5+6j),1,1,6,0,True
473,(1+2j),(6+0j),1,1,6,1,True
474,(1+2j),(6+1j),4,5,5,5,True
475,(1+2j),(6+2j),0,2,-1,0.0,True
476,(1+2j),(6+3j),3,6,2,6,True
477,(1+2j),(6+4j),6,3,1,3,True
478,(1+2j),(6+5j),2,0,3,0,True
479,(1+2j),(6+6j),5,4,4,4,True
480,(1+3j),0j,3,0,2,4,True
481,(1+3j),1j,2,1,3,4,True
482,(1+3j),2j,1,2,6,3,True
483,(1+3j),3j,0,3,-1,4.0,True
484,(1+3j),4j,6,4,1,3,True
485,(1+3j),5j,5,5,4,2,True
486,(1+3j),6j,4,6,5,2,True
487,(1+3j),(1+0j),-1,1,0,5,True
488,(1+3j),(1+1j),-1,1,0,2,True
489,(1+3j),(1+2j),-1,1,0,6,True
490,(1+3j),(1+4j),-1,1,0,0,True
491,(1+3j),(1+5j),-1,1,0,4,True
492,(1+3j),(1+6j),-1,1,0,1,True
493,(1+3j),(2+0j),4,6,5,1,True
494,(1+3j),(2+1j),5,5,4,3,True
495,(1+3j),(2+2j),6,4,1,1,True
496,(1+3j),(2+3j),0,3,-1,5.0,True
497,(1+3j),(2+4j),1,2,6,5,True
498,(1+3j),(2+5j),2,1,3,3,True
499,(1+3j),(2+6j),3,0,2,5,True
500,(1+3j),(3+0j),2,1,3,6,True
501,(1+3j),(3+1j),6,4,1,0,True
502,(1+3j),(3+2j),3,0,2,2,True
503,(1+3j),(3+3j),0,3,-1,2.0,True
504,(1+3j),(3+4j),4,6,5,4,True
505,(1+3j),(3+5j),1,2,6,6,True
506,(1+3j),(3+6j),5,5,4,0,True
507,(1+3j),(4+0j),6,4,1,6,True
508,(1+3j),(4+1j),4,6,5,0,True
509,(1+3j),(4+2j),2,1,3,2,True
510,(1+3j),(4+3j),0,3,-1,6.0,True
511,(1+3j),(4+4j),5,5,4,4,True
512,(1+3j),(4+5j),3,0,2,6,True
513,(1+3j),(4+6j),1,2,6,0,True
514,(1+3j),(5+0j),1,2,6,1,True
515,(1+3j),(5+1j),3,0,2,3,True
516,(1+3j),(5+2j),5,5,4,1,True
517,(1+3j),(5+3j),0,3,-1,3.0,True
518,(1+3j),(5+4j),2,1,3,5,True
519,(1+3j),(5+5j),4,6,5,3,True
520,(1+3j),(5+6j),6,4,1,5,True
521,(1+3j),(6+0j),5,5,4,5,True
522,(1+3j),(6+1j),1,2,6,2,True
523,(1+3j),(6+2j),4,6,5,6,True
524,(1+3j),(6+3j),0,3,-1,0.0,True
525,(1+3j),(6+4j),3,0,2,0,True
526,(1+3j),(6+5j),6,4,1,4,True
527,(1+3j),(6+6j),2,1,3,1,True
528,(1+4j),0j,4,0,5,3,True
529,(1+4j),1j,3,1,2,5,True
530,(1+4j),2j,2,2,3,5,True
531,(1+4j),3j,1,3,6,4,True
532,(1+4j),4j,0,4,-1,4.0,True
533,(1+4j),5j,6,5,1,4,True
534,(1+4j),6j,5,6,4,3,True
535,(1+4j),(1+0j),-1,1,0,2,True
536,(1+4j),(1+1j),-1,1,0,6,True
537,(1+4j),(1+2j),-1,1,0,3,True
538,(1+4j),(1+3j),-1,1,0,0,True
539,(1+4j),(1+5j),-1,1,0,1,True
540,(1+4j),(1+6j),-1,1,0,5,True
541,(1+4j),(2+0j),3,1,2,6,True
542,(1+4j),(2+1j),4,0,5,2,True
543,(1+4j),(2+2j),5,6,4,4,True
544,(1+4j),(2+3j),6,5,1,2,True
545,(1+4j),(2+4j),0,4,-1,5.0,True
546,(1+4j),(2+5j),1,3,6,6,True
547,(1+4j),(2+6j),2,2,3,4,True
548,(1+4j),(3+0j),5,6,4,1,True
549,(1+4j),(3+1j),2,2,3,0,True
550,(1+4j),(3+2j),6,5,1,1,True
551,(1+4j),(3+3j),3,1,2,3,True
552,(1+4j),(3+4j),0,4,-1,2.0,True
553,(1+4j),(3+5j),4,0,5,5,True
554,(1+4j),(3+6j),1,3,6,0,True
555,(1+4j),(4+0j),1,3,6,1,True
556,(1+4j),(4+1j),6,5,1,0,True
557,(1+4j),(4+2j),4,0,5,1,True
558,(1+4j),(4+3j),2,2,3,3,True
559,(1+4j),(4+4j),0,4,-1,6.0,True
560,(1+4j),(4+5j),5,6,4,5,True
561,(1+4j),(4+6j),3,1,2,0,True
562,(1+4j),(5+0j),6,5,1,6,True
563,(1+4j),(5+1j),1,3,6,2,True
564,(1+4j),(5+2j),3,1,2,4,True
565,(1+4j),(5+3j),5,6,4,2,True
566,(1+4j),(5+4j),0,4,-1,3.0,True
567,(1+4j),(5+5j),2,2,3,6,True
568,(1+4j),(5+6j),4,0,5,4,True
569,(1+4j),(6+0j),2,2,3,2,True
570,(1+4j),(6+1j),5,6,4,6,True
571,(1+4j),(6+2j),1,3,6,3,True
572,(1+4j),(6+3j),4,0,5,0,True
573,(1+4j),(6+4j),0,4,-1,0.0,True
574,(1+4j),(6+5j),3,1,2,1,True
575,(1+4j),(6+6j),6,5,1,5,True
576,(1+5j),0j,5,0,4,4,True
577,(1+5j),1j,4,1,5,4,True
578,(1+5j),2j,3,2,2,6,True
579,(1+5j),3j,2,3,3,6,True
580,(1+5j),4j,1,4,6,5,True
581,(1+5j),5j,0,5,-1,4.0,True
582,(1+5j),6j,6,6,1,5,True
583,(1+5j),(1+0j),-1,1,0,6,True
584,(1+5j),(1+1j),-1,1,0,3,True
585,(1+5j),(1+2j),-1,1,0,0,True
586,(1+5j),(1+3j),-1,1,0,4,True
587,(1+5j),(1+4j),-1,1,0,1,True
588,(1+5j),(1+6j),-1,1,0,2,True
589,(1+5j),(2+0j),2,3,3,5,True
590,(1+5j),(2+1j),3,2,2,0,True
591,(1+5j),(2+2j),4,1,5,3,True
592,(1+5j),(2+3j),5,0,4,5,True
593,(1+5j),(2+4j),6,6,1,3,True
594,(1+5j),(2+5j),0,5,-1,5.0,True
595,(1+5j),(2+6j),1,4,6,0,True
596,(1+5j),(3+0j),1,4,6,1,True
597,(1+5j),(3+1j),5,0,4,2,True
598,(1+5j),(3+2j),2,3,3,1,True
599,(1+5j),(3+3j),6,6,1,2,True
600,(1+5j),(3+4j),3,2,2,4,True
601,(1+5j),(3+5j),0,5,-1,2.0,True
602,(1+5j),(3+6j),4,1,5,6,True
603,(1+5j),(4+0j),3,2,2,1,True
604,(1+5j),(4+1j),1,4,6,2,True
605,(1+5j),(4+2j),6,6,1,1,True
606,(1+5j),(4+3j),4,1,5,2,True
607,(1+5j),(4+4j),2,3,3,4,True
608,(1+5j),(4+5j),0,5,-1,6.0,True
609,(1+5j),(4+6j),5,0,4,6,True
610,(1+5j),(5+0j),4,1,5,5,True
611,(1+5j),(5+1j),6,6,1,0,True
612,(1+5j),(5+2j),1,4,6,3,True
613,(1+5j),(5+3j),3,2,2,5,True
614,(1+5j),(5+4j),5,0,4,3,True
615,(1+5j),(5+5j),0,5,-1,3.0,True
616,(1+5j),(5+6j),2,3,3,0,True
617,(1+5j),(6+0j),6,6,1,6,True
618,(1+5j),(6+1j),2,3,3,3,True
619,(1+5j),(6+2j),5,0,4,0,True
620,(1+5j),(6+3j),1,4,6,4,True
621,(1+5j),(6+4j),4,1,5,1,True
622,(1+5j),(6+5j),0,5,-1,0.0,True
623,(1+5j),(6+6j),3,2,2,2,True
624,(1+6j),0j,6,0,1,6,True
625,(1+6j),1j,5,1,4,5,True
626,(1+6j),2j,4,2,5,5,True
627,(1+6j),3j,3,3,2,0,True
628,(1+6j),4j,2,4,3,0,True
629,(1+6j),5j,1,5,6,6,True
630,(1+6j),6j,0,6,-1,4.0,True
631,(1+6j),(1+0j),-1,1,0,3,True
632,(1+6j),(1+1j),-1,1,0,0,True
633,(1+6j),(1+2j),-1,1,0,4,True
634,(1+6j),(1+3j),-1,1,0,1,True
635,(1+6j),(1+4j),-1,1,0,5,True
636,(1+6j),(1+5j),-1,1,0,2,True
637,(1+6j),(2+0j),1,5,6,1,True
638,(1+6j),(2+1j),2,4,3,6,True
639,(1+6j),(2+2j),3,3,2,1,True
640,(1+6j),(2+3j),4,2,5,4,True
641,(1+6j),(2+4j),5,1,4,6,True
642,(1+6j),(2+5j),6,0,1,4,True
643,(1+6j),(2+6j),0,6,-1,5.0,True
644,(1+6j),(3+0j),4,2,5,0,True
645,(1+6j),(3+1j),1,5,6,2,True
646,(1+6j),(3+2j),5,1,4,3,True
647,(1+6j),(3+3j),2,4,3,2,True
648,(1+6j),(3+4j),6,0,1,3,True
649,(1+6j),(3+5j),3,3,2,5,True
650,(1+6j),(3+6j),0,6,-1,2.0,True
651,(1+6j),(4+0j),5,1,4,0,True
652,(1+6j),(4+1j),3,3,2,2,True
653,(1+6j),(4+2j),1,5,6,3,True
654,(1+6j),(4+3j),6,0,1,2,True
655,(1+6j),(4+4j),4,2,5,3,True
656,(1+6j),(4+5j),2,4,3,5,True
657,(1+6j),(4+6j),0,6,-1,6.0,True
658,(1+6j),(5+0j),2,4,3,1,True
659,(1+6j),(5+1j),4,2,5,6,True
660,(1+6j),(5+2j),6,0,1,1,True
661,(1+6j),(5+3j),1,5,6,4,True
662,(1+6j),(5+4j),3,3,2,6,True
663,(1+6j),(5+5j),5,1,4,4,True
664,(1+6j),(5+6j),0,6,-1,3.0,True
665,(1+6j),(6+0j),3,3,2,3,True
666,(1+6j),(6+1j),6,0,1,0,True
667,(1+6j),(6+2j),2,4,3,4,True
668,(1+6j),(6+3j),5,1,4,1,True
669,(1+6j),(6+4j),1,5,6,5,True
670,(1+6j),(6+5j),4,2,5,2,True
671,(1+6j),(6+6j),0,6,-1,0.0,True
672,(2+0j),0j,0,0,-1,1.0,True
673,(2+0j),1j,3,1,2,2,True
674,(2+0j),2j,6,2,1,0,True
675,(2+0j),3j,2,3,3,2,True
676,(2+0j),4j,5,4,4,5,True
677,(2+0j),5j,1,5,6,0,True
678,(2+0j),6j,4,6,5,5,True
679,(2+0j),(1+0j),0,0,-1,5.0,True
680,(2+0j),(1+1j),6,2,1,6,True
681,(2+0j),(1+2j),5,4,4,2,True
682,(2+0j),(1+3j),4,6,5,1,True
683,(2+0j),(1+4j),3,1,2,6,True
684,(2+0j),(1+5j),2,3,3,5,True
685,(2+0j),(1+6j),1,5,6,1,True
686,(2+0j),(2+1j),-1,2,0,4,True
687,(2+0j),(2+2j),-1,2,0,1,True
688,(2+0j),(2+3j),-1,2,0,5,True
689,(2+0j),(2+4j),-1,2,0,2,True
690,(2+0j),(2+5j),-1,2,0,6,True
691,(2+0j),(2+6j),-1,2,0,3,True
692,(2+0j),(3+0j),0,0,-1,6.0,True
693,(2+0j),(3+1j),1,5,6,3,True
694,(2+0j),(3+2j),2,3,3,4,True
695,(2+0j),(3+3j),3,1,2,0,True
696,(2+0j),(3+4j),4,6,5,0,True
697,(2+0j),(3+5j),5,4,4,3,True
698,(2+0j),(3+6j),6,2,1,4,True
699,(2+0j),(4+0j),0,0,-1,3.0,True
700,(2+0j),(4+1j),4,6,5,3,True
701,(2+0j),(4+2j),1,5,6,4,True
702,(2+0j),(4+3j),5,4,4,0,True
703,(2+0j),(4+4j),2,3,3,0,True
704,(2+0j),(4+5j),6,2,1,3,True
705,(2+0j),(4+6j),3,1,2,4,True
706,(2+0j),(5+0j),0,0,-1,0.0,True
707,(2+0j),(5+1j),5,4,4,4,True
708,(2+0j),(5+2j),3,1,2,1,True
709,(2+0j),(5+3j),1,5,6,5,True
710,(2+0j),(5+4j),6,2,1,2,True
711,(2+0j),(5+5j),4,6,5,6,True
712,(2+0j),(5+6j),2,3,3,3,True
713,(2+0j),(6+0j),0,0,-1,4.0,True
714,(2+0j),(6+1j),2,3,3,6,True
715,(2+0j),(6+2j),4,6,5,2,True
716,(2+0j),(6+3j),6,2,1,1,True
717,(2+0j),(6+4j),1,5,6,6,True
718,(2+0j),(6+5j),3,1,2,5,True
719,(2+0j),(6+6j),5,4,4,1,True
720,(2+1j),0j,4,0,5,6,True
721,(2+1j),1j,0,1,-1,1.0,True
722,(2+1j),2j,3,2,2,3,True
723,(2+1j),3j,6,3,1,1,True
724,(2+1j),4j,2,4,3,3,True
725,(2+1j),5j,5,5,4,6,True
726,(2+1j),6j,1,6,6,1,True
727,(2+1j),(1+0j),1,6,6,2,True
728,(2+1j),(1+1j),0,1,-1,5.0,True
729,(2+1j),(1+2j),6,3,1,0,True
730,(2+1j),(1+3j),5,5,4,3,True
731,(2+1j),(1+4j),4,0,5,2,True
732,(2+1j),(1+5j),3,2,2,0,True
733,(2+1j),(1+6j),2,4,3,6,True
734,(2+1j),(2+0j),-1,2,0,4,True
735,(2+1j),(2+2j),-1,2,0,5,True
736,(2+1j),(2+3j),-1,2,0,2,True
737,(2+1j),(2+4j),-1,2,0,6,True
738,(2+1j),(2+5j),-1,2,0,3,True
739,(2+1j),(2+6j),-1,2,0,0,True
740,(2+1j),(3+0j),6,3,1,5,True
741,(2+1j),(3+1j),0,1,-1,6.0,True
742,(2+1j),(3+2j),1,6,6,4,True
743,(2+1j),(3+3j),2,4,3,5,True
744,(2+1j),(3+4j),3,2,2,1,True
745,(2+1j),(3+5j),4,0,5,1,True
746,(2+1j),(3+6j),5,5,4,4,True
747,(2+1j),(4+0j),3,2,2,5,True
748,(2+1j),(4+1j),0,1,-1,3.0,True
749,(2+1j),(4+2j),4,0,5,4,True
750,(2+1j),(4+3j),1,6,6,5,True
751,(2+1j),(4+4j),5,5,4,1,True
752,(2+1j),(4+5j),2,4,3,1,True
753,(2+1j),(4+6j),6,3,1,4,True
754,(2+1j),(5+0j),2,4,3,4,True
755,(2+1j),(5+1j),0,1,-1,0.0,True
756,(2+1j),(5+2j),5,5,4,5,True
757,(2+1j),(5+3j),3,2,2,2,True
758,(2+1j),(5+4j),1,6,6,6,True
759,(2+1j),(5+5j),6,3,1,3,True
760,(2+1j),(5+6j),4,0,5,0,True
761,(2+1j),(6+0j),5,5,4,2,True
762,(2+1j),(6+1j),0,1,-1,4.0,True
763,(2+1j),(6+2j),2,4,3,0,True
764,(2+1j),(6+3j),4,0,5,3,True
765,(2+1j),(6+4j),6,3,1,2,True
766,(2+1j),(6+5j),1,6,6,0,True
767,(2+1j),(6+6j),3,2,2,6,True
768,(2+2j),0j,1,0,6,2,True
769,(2+2j),1j,4,1,5,0,True
770,(2+2j),2j,0,2,-1,1.0,True
771,(2+2j),3j,3,3,2,4,True
772,(2+2j),4j,6,4,1,2,True
773,(2+2j),5j,2,5,3,4,True
774,(2+2j),6j,5,6,4,0,True
775,(2+2j),(1+0j),2,5,3,0,True
776,(2+2j),(1+1j),1,0,6,3,True
777,(2+2j),(1+2j),0,2,-1,5.0,True
778,(2+2j),(1+3j),6,4,1,1,True
779,(2+2j),(1+4j),5,6,4,4,True
780,(2+2j),(1+5j),4,1,5,3,True
781,(2+2j),(1+6j),3,3,2,1,True
782,(2+2j),(2+0j),-1,2,0,1,True
783,(2+2j),(2+1j),-1,2,0,5,True
784,(2+2j),(2+3j),-1,2,0,6,True
785,(2+2j),(2+4j),-1,2,0,3,True
786,(2+2j),(2+5j),-1,2,0,0,True
787,(2+2j),(2+6j),-1,2,0,4,True
788,(2+2j),(3+0j),5,6,4,5,True
789,(2+2j),(3+1j),6,4,1,6,True
790,(2+2j),(3+2j),0,2,-1,6.0,True
791,(2+2j),(3+3j),1,0,6,5,True
792,(2+2j),(3+4j),2,5,3,6,True
793,(2+2j),(3+5j),3,3,2,2,True
794,(2+2j),(3+6j),4,1,5,2,True
795,(2+2j),(4+0j),6,4,1,5,True
796,(2+2j),(4+1j),3,3,2,6,True
797,(2+2j),(4+2j),0,2,-1,3.0,True
798,(2+2j),(4+3j),4,1,5,5,True
799,(2+2j),(4+4j),1,0,6,6,True
800,(2+2j),(4+5j),5,6,4,2,True
801,(2+2j),(4+6j),2,5,3,2,True
802,(2+2j),(5+0j),4,1,5,1,True
803,(2+2j),(5+1j),2,5,3,5,True
804,(2+2j),(5+2j),0,2,-1,0.0,True
805,(2+2j),(5+3j),5,6,4,6,True
806,(2+2j),(5+4j),3,3,2,3,True
807,(2+2j),(5+5j),1,0,6,0,True
808,(2+2j),(5+6j),6,4,1,4,True
809,(2+2j),(6+0j),3,3,2,0,True
810,(2+2j),(6+1j),5,6,4,3,True
811,(2+2j),(6+2j),0,2,-1,4.0,True
812,(2+2j),(6+3j),2,5,3,1,True
813,(2+2j),(6+4j),4,1,5,4,True
814,(2+2j),(6+5j),6,4,1,3,True
815,(2+2j),(6+6j),1,0,6,1,True
816,(2+3j),0j,5,0,4,1,True
817,(2+3j),1j,1,1,6,3,True
818,(2+3j),2j,4,2,5,1,True
819,(2+3j),3j,0,3,-1,1.0,True
820,(2+3j),4j,3,4,2,5,True
821,(2+3j),5j,6,5,1,3,True
822,(2+3j),6j,2,6,3,5,True
823,(2+3j),(1+0j),3,4,2,2,True
824,(2+3j),(1+1j),2,6,3,1,True
825,(2+3j),(1+2j),1,1,6,4,True
826,(2+3j),(1+3j),0,3,-1,5.0,True
827,(2+3j),(1+4j),6,5,1,2,True
828,(2+3j),(1+5j),5,0,4,5,True
829,(2+3j),(1+6j),4,2,5,4,True
830,(2+3j),(2+0j),-1,2,0,5,True
831,(2+3j),(2+1j),-1,2,0,2,True
832,(2+3j),(2+2j),-1,2,0,6,True
833,(2+3j),(2+4j),-1,2,0,0,True
834,(2+3j),(2+5j),-1,2,0,4,True
835,(2+3j),(2+6j),-1,2,0,1,True
836,(2+3j),(3+0j),4,2,5,3,True
837,(2+3j),(3+1j),5,0,4,6,True
838,(2+3j),(3+2j),6,5,1,0,True
839,(2+3j),(3+3j),0,3,-1,6.0,True
840,(2+3j),(3+4j),1,1,6,6,True
841,(2+3j),(3+5j),2,6,3,0,True
842,(2+3j),(3+6j),3,4,2,3,True
843,(2+3j),(4+0j),2,6,3,3,True
844,(2+3j),(4+1j),6,5,1,6,True
845,(2+3j),(4+2j),3,4,2,0,True
846,(2+3j),(4+3j),0,3,-1,3.0,True
847,(2+3j),(4+4j),4,2,5,6,True
848,(2+3j),(4+5j),1,1,6,0,True
849,(2+3j),(4+6j),5,0,4,3,True
850,(2+3j),(5+0j),6,5,1,5,True
851,(2+3j),(5+1j),4,2,5,2,True
852,(2+3j),(5+2j),2,6,3,6,True
853,(2+3j),(5+3j),0,3,-1,0.0,True
854,(2+3j),(5+4j),5,0,4,0,True
855,(2+3j),(5+5j),3,4,2,4,True
856,(2+3j),(5+6j),1,1,6,1,True
857,(2+3j),(6+0j),1,1,6,2,True
858,(2+3j),(6+1j),3,4,2,1,True
859,(2+3j),(6+2j),5,0,4,4,True
860,(2+3j),(6+3j),0,3,-1,4.0,True
861,(2+3j),(6+4j),2,6,3,2,True
862,(2+3j),(6+5j),4,2,5,5,True
863,(2+3j),(6+6j),6,5,1,4,True
864,(2+4j),0j,2,0,3,6,True
865,(2+4j),1j,5,1,4,2,True
866,(2+4j),2j,1,2,6,4,True
867,(2+4j),3j,4,3,5,2,True
868,(2+4j),4j,0,4,-1,1.0,True
869,(2+4j),5j,3,5,2,6,True
870,(2+4j),6j,6,6,1,4,True
871,(2+4j),(1+0j),4,3,5,5,True
872,(2+4j),(1+1j),3,5,2,3,True
873,(2+4j),(1+2j),2,0,3,2,True
874,(2+4j),(1+3j),1,2,6,5,True
875,(2+4j),(1+4j),0,4,-1,5.0,True
876,(2+4j),(1+5j),6,6,1,3,True
877,(2+4j),(1+6j),5,1,4,6,True
878,(2+4j),(2+0j),-1,2,0,2,True
879,(2+4j),(2+1j),-1,2,0,6,True
880,(2+4j),(2+2j),-1,2,0,3,True
881,(2+4j),(2+3j),-1,2,0,0,True
882,(2+4j),(2+5j),-1,2,0,1,True
883,(2+4j),(2+6j),-1,2,0,5,True
884,(2+4j),(3+0j),3,5,2,4,True
885,(2+4j),(3+1j),4,3,5,4,True
886,(2+4j),(3+2j),5,1,4,0,True
887,(2+4j),(3+3j),6,6,1,1,True
888,(2+4j),(3+4j),0,4,-1,6.0,True
889,(2+4j),(3+5j),1,2,6,0,True
890,(2+4j),(3+6j),2,0,3,1,True
891,(2+4j),(4+0j),5,1,4,4,True
892,(2+4j),(4+1j),2,0,3,4,True
893,(2+4j),(4+2j),6,6,1,0,True
894,(2+4j),(4+3j),3,5,2,1,True
895,(2+4j),(4+4j),0,4,-1,3.0,True
896,(2+4j),(4+5j),4,3,5,0,True
897,(2+4j),(4+6j),1,2,6,1,True
898,(2+4j),(5+0j),1,2,6,2,True
899,(2+4j),(5+1j),6,6,1,6,True
900,(2+4j),(5+2j),4,3,5,3,True
901,(2+4j),(5+3j),2,0,3,0,True
902,(2+4j),(5+4j),0,4,-1,0.0,True
903,(2+4j),(5+5j),5,1,4,1,True
904,(2+4j),(5+6j),3,5,2,5,True
905,(2+4j),(6+0j),6,6,1,5,True
906,(2+4j),(6+1j),1,2,6,3,True
907,(2+4j),(6+2j),3,5,2,2,True
908,(2+4j),(6+3j),5,1,4,5,True
909,(2+4j),(6+4j),0,4,-1,4.0,True
910,(2+4j),(6+5j),2,0,3,3,True
911,(2+4j),(6+6j),4,3,5,6,True
912,(2+5j),0j,6,0,1,5,True
913,(2+5j),1j,2,1,3,0,True
914,(2+5j),2j,5,2,4,3,True
915,(2+5j),3j,1,3,6,5,True
916,(2+5j),4j,4,4,5,3,True
917,(2+5j),5j,0,5,-1,1.0,True
918,(2+5j),6j,3,6,2,0,True
919,(2+5j),(1+0j),5,2,4,0,True
920,(2+5j),(1+1j),4,4,5,6,True
921,(2+5j),(1+2j),3,6,2,4,True
922,(2+5j),(1+3j),2,1,3,3,True
923,(2+5j),(1+4j),1,3,6,6,True
924,(2+5j),(1+5j),0,5,-1,5.0,True
925,(2+5j),(1+6j),6,0,1,4,True
926,(2+5j),(2+0j),-1,2,0,6,True
927,(2+5j),(2+1j),-1,2,0,3,True
928,(2+5j),(2+2j),-1,2,0,0,True
929,(2+5j),(2+3j),-1,2,0,4,True
930,(2+5j),(2+4j),-1,2,0,1,True
931,(2+5j),(2+6j),-1,2,0,2,True
932,(2+5j),(3+0j),2,1,3,2,True
933,(2+5j),(3+1j),3,6,2,5,True
934,(2+5j),(3+2j),4,4,5,5,True
935,(2+5j),(3+3j),5,2,4,1,True
936,(2+5j),(3+4j),6,0,1,2,True
937,(2+5j),(3+5j),0,5,-1,6.0,True
938,(2+5j),(3+6j),1,3,6,1,True
939,(2+5j),(4+0j),1,3,6,2,True
940,(2+5j),(4+1j),5,2,4,5,True
941,(2+5j),(4+2j),2,1,3,5,True
942,(2+5j),(4+3j),6,0,1,1,True
943,(2+5j),(4+4j),3,6,2,2,True
944,(2+5j),(4+5j),0,5,-1,3.0,True
945,(2+5j),(4+6j),4,4,5,1,True
946,(2+5j),(5+0j),3,6,2,6,True
947,(2+5j),(5+1j),1,3,6,3,True
948,(2+5j),(5+2j),6,0,1,0,True
949,(2+5j),(5+3j),4,4,5,4,True
950,(2+5j),(5+4j),2,1,3,1,True
951,(2+5j),(5+5j),0,5,-1,0.0,True
952,(2+5j),(5+6j),5,2,4,2,True
953,(2+5j),(6+0j),4,4,5,0,True
954,(2+5j),(6+1j),6,0,1,6,True
955,(2+5j),(6+2j),1,3,6,4,True
956,(2+5j),(6+3j),3,6,2,3,True
957,(2+5j),(6+4j),5,2,4,6,True
958,(2+5j),(6+5j),0,5,-1,4.0,True
959,(2+5j),(6+6j),2,1,3,4,True
960,(2+6j),0j,3,0,2,1,True
961,(2+6j),1j,6,1,1,6,True
962,(2+6j),2j,2,2,3,1,True
963,(2+6j),3j,5,3,4,4,True
964,(2+6j),4j,1,4,6,6,True
965,(2+6j),5j,4,5,5,4,True
966,(2+6j),6j,0,6,-1,1.0,True
967,(2+6j),(1+0j),6,1,1,5,True
968,(2+6j),(1+1j),5,3,4,1,True
969,(2+6j),(1+2j),4,5,5,0,True
970,(2+6j),(1+3j),3,0,2,5,True
971,(2+6j),(1+4j),2,2,3,4,True
972,(2+6j),(1+5j),1,4,6,0,True
973,(2+6j),(1+6j),0,6,-1,5.0,True
974,(2+6j),(2+0j),-1,2,0,3,True
975,(2+6j),(2+1j),-1,2,0,0,True
976,(2+6j),(2+2j),-1,2,0,4,True
977,(2+6j),(2+3j),-1,2,0,1,True
978,(2+6j),(2+4j),-1,2,0,5,True
979,(2+6j),(2+5j),-1,2,0,2,True
980,(2+6j),(3+0j),1,4,6,2,True
981,(2+6j),(3+1j),2,2,3,3,True
982,(2+6j),(3+2j),3,0,2,6,True
983,(2+6j),(3+3j),4,5,5,6,True
984,(2+6j),(3+4j),5,3,4,2,True
985,(2+6j),(3+5j),6,1,1,3,True
986,(2+6j),(3+6j),0,6,-1,6.0,True
987,(2+6j),(4+0j),4,5,5,2,True
988,(2+6j),(4+1j),1,4,6,3,True
989,(2+6j),(4+2j),5,3,4,6,True
990,(2+6j),(4+3j),2,2,3,6,True
991,(2+6j),(4+4j),6,1,1,2,True
992,(2+6j),(4+5j),3,0,2,3,True
993,(2+6j),(4+6j),0,6,-1,3.0,True
994,(2+6j),(5+0j),5,3,4,3,True
995,(2+6j),(5+1j),3,0,2,0,True
996,(2+6j),(5+2j),1,4,6,4,True
997,(2+6j),(5+3j),6,1,1,1,True
998,(2+6j),(5+4j),4,5,5,5,True
999,(2+6j),(5+5j),2,2,3,2,True
1000,(2+6j),(5+6j),0,6,-1,0.0,True
1001,(2+6j),(6+0j),2,2,3,5,True
1002,(2+6j),(6+1j),4,5,5,1,True
1003,(2+6j),(6+2j),6,1,1,0,True
1004,(2+6j),(6+3j),1,4,6,5,True
1005,(2+6j),(6+4j),3,0,2,4,True
1006,(2+6j),(6+5j),5,3,4,0,True
1007,(2+6j),(6+6j),0,6,-1,4.0,True
1008,(3+0j),0j,0,0,-1,5.0,True
1009,(3+0j),1j,2,1,3,3,True
1010,(3+0j),2j,4,2,5,4,True
1011,(3+0j),3j,6,3,1,0,True
1012,(3+0j),4j,1,4,6,0,True
1013,(3+0j),5j,3,5,2,3,True
1014,(3+0j),6j,5,6,4,4,True
1015,(3+0j),(1+0j),0,0,-1,2.0,True
1016,(3+0j),(1+1j),3,5,2,0,True
1017,(3+0j),(1+2j),6,3,1,6,True
1018,(3+0j),(1+3j),2,1,3,6,True
1019,(3+0j),(1+4j),5,6,4,1,True
1020,(3+0j),(1+5j),1,4,6,1,True
1021,(3+0j),(1+6j),4,2,5,0,True
1022,(3+0j),(2+0j),0,0,-1,6.0,True
1023,(3+0j),(2+1j),6,3,1,5,True
1024,(3+0j),(2+2j),5,6,4,5,True
1025,(3+0j),(2+3j),4,2,5,3,True
1026,(3+0j),(2+4j),3,5,2,4,True
1027,(3+0j),(2+5j),2,1,3,2,True
1028,(3+0j),(2+6j),1,4,6,2,True
1029,(3+0j),(3+1j),-1,3,0,4,True
1030,(3+0j),(3+2j),-1,3,0,1,True
1031,(3+0j),(3+3j),-1,3,0,5,True
1032,(3+0j),(3+4j),-1,3,0,2,True
1033,(3+0j),(3+5j),-1,3,0,6,True
1034,(3+0j),(3+6j),-1,3,0,3,True
1035,(3+0j),(4+0j),0,0,-1,0.0,True
1036,(3+0j),(4+1j),1,4,6,4,True
1037,(3+0j),(4+2j),2,1,3,1,True
1038,(3+0j),(4+3j),3,5,2,5,True
1039,(3+0j),(4+4j),4,2,5,2,True
1040,(3+0j),(4+5j),5,6,4,6,True
1041,(3+0j),(4+6j),6,3,1,3,True
1042,(3+0j),(5+0j),0,0,-1,4.0,True
1043,(3+0j),(5+1j),4,2,5,5,True
1044,(3+0j),(5+2j),1,4,6,5,True
1045,(3+0j),(5+3j),5,6,4,3,True
1046,(3+0j),(5+4j),2,1,3,4,True
1047,(3+0j),(5+5j),6,3,1,2,True
1048,(3+0j),(5+6j),3,5,2,2,True
1049,(3+0j),(6+0j),0,0,-1,1.0,True
1050,(3+0j),(6+1j),5,6,4,0,True
1051,(3+0j),(6+2j),3,5,2,6,True
1052,(3+0j),(6+3j),1,4,6,6,True
1053,(3+0j),(6+4j),6,3,1,1,True
1054,(3+0j),(6+5j),4,2,5,1,True
1055,(3+0j),(6+6j),2,1,3,0,True
1056,(3+1j),0j,5,0,4,5,True
1057,(3+1j),1j,0,1,-1,5.0,True
1058,(3+1j),2j,2,2,3,4,True
1059,(3+1j),3j,4,3,5,5,True
1060,(3+1j),4j,6,4,1,1,True
1061,(3+1j),5j,1,5,6,1,True
1062,(3+1j),6j,3,6,2,4,True
1063,(3+1j),(1+0j),4,3,5,1,True
1064,(3+1j),(1+1j),0,1,-1,2.0,True
1065,(3+1j),(1+2j),3,6,2,1,True
1066,(3+1j),(1+3j),6,4,1,0,True
1067,(3+1j),(1+4j),2,2,3,0,True
1068,(3+1j),(1+5j),5,0,4,2,True
1069,(3+1j),(1+6j),1,5,6,2,True
1070,(3+1j),(2+0j),1,5,6,3,True
1071,(3+1j),(2+1j),0,1,-1,6.0,True
1072,(3+1j),(2+2j),6,4,1,6,True
1073,(3+1j),(2+3j),5,0,4,6,True
1074,(3+1j),(2+4j),4,3,5,4,True
1075,(3+1j),(2+5j),3,6,2,5,True
1076,(3+1j),(2+6j),2,2,3,3,True
1077,(3+1j),(3+0j),-1,3,0,4,True
1078,(3+1j),(3+2j),-1,3,0,5,True
1079,(3+1j),(3+3j),-1,3,0,2,True
1080,(3+1j),(3+4j),-1,3,0,6,True
1081,(3+1j),(3+5j),-1,3,0,3,True
1082,(3+1j),(3+6j),-1,3,0,0,True
1083,(3+1j),(4+0j),6,4,1,4,True
1084,(3+1j),(4+1j),0,1,-1,0.0,True
1085,(3+1j),(4+2j),1,5,6,5,True
1086,(3+1j),(4+3j),2,2,3,2,True
1087,(3+1j),(4+4j),3,6,2,6,True
1088,(3+1j),(4+5j),4,3,5,3,True
1089,(3+1j),(4+6j),5,0,4,0,True
1090,(3+1j),(5+0j),3,6,2,3,True
1091,(3+1j),(5+1j),0,1,-1,4.0,True
1092,(3+1j),(5+2j),4,3,5,6,True
1093,(3+1j),(5+3j),1,5,6,6,True
1094,(3+1j),(5+4j),5,0,4,4,True
1095,(3+1j),(5+5j),2,2,3,5,True
1096,(3+1j),(5+6j),6,4,1,3,True
1097,(3+1j),(6+0j),2,2,3,1,True
1098,(3+1j),(6+1j),0,1,-1,1.0,True
1099,(3+1j),(6+2j),5,0,4,1,True
1100,(3+1j),(6+3j),3,6,2,0,True
1101,(3+1j),(6+4j),1,5,6,0,True
1102,(3+1j),(6+5j),6,4,1,2,True
1103,(3+1j),(6+6j),4,3,5,2,True
1104,(3+2j),0j,3,0,2,5,True
1105,(3+2j),1j,5,1,4,6,True
1106,(3+2j),2j,0,2,-1,5.0,True
1107,(3+2j),3j,2,3,3,5,True
1108,(3+2j),4j,4,4,5,6,True
1109,(3+2j),5j,6,5,1,2,True
1110,(3+2j),6j,1,6,6,2,True
1111,(3+2j),(1+0j),1,6,6,3,True
1112,(3+2j),(1+1j),4,4,5,2,True
1113,(3+2j),(1+2j),0,2,-1,2.0,True
1114,(3+2j),(1+3j),3,0,2,2,True
1115,(3+2j),(1+4j),6,5,1,1,True
1116,(3+2j),(1+5j),2,3,3,1,True
1117,(3+2j),(1+6j),5,1,4,3,True
1118,(3+2j),(2+0j),2,3,3,4,True
1119,(3+2j),(2+1j),1,6,6,4,True
1120,(3+2j),(2+2j),0,2,-1,6.0,True
1121,(3+2j),(2+3j),6,5,1,0,True
1122,(3+2j),(2+4j),5,1,4,0,True
1123,(3+2j),(2+5j),4,4,5,5,True
1124,(3+2j),(2+6j),3,0,2,6,True
1125,(3+2j),(3+0j),-1,3,0,1,True
1126,(3+2j),(3+1j),-1,3,0,5,True
1127,(3+2j),(3+3j),-1,3,0,6,True
1128,(3+2j),(3+4j),-1,3,0,3,True
1129,(3+2j),(3+5j),-1,3,0,0,True
1130,(3+2j),(3+6j),-1,3,0,4,True
1131,(3+2j),(4+0j),5,1,4,1,True
1132,(3+2j),(4+1j),6,5,1,5,True
1133,(3+2j),(4+2j),0,2,-1,0.0,True
1134,(3+2j),(4+3j),1,6,6,6,True
1135,(3+2j),(4+4j),2,3,3,3,True
1136,(3+2j),(4+5j),3,0,2,0,True
1137,(3+2j),(4+6j),4,4,5,4,True
1138,(3+2j),(5+0j),6,5,1,4,True
1139,(3+2j),(5+1j),3,0,2,4,True
1140,(3+2j),(5+2j),0,2,-1,4.0,True
1141,(3+2j),(5+3j),4,4,5,0,True
1142,(3+2j),(5+4j),1,6,6,0,True
1143,(3+2j),(5+5j),5,1,4,5,True
1144,(3+2j),(5+6j),2,3,3,6,True
1145,(3+2j),(6+0j),4,4,5,3,True
1146,(3+2j),(6+1j),2,3,3,2,True
1147,(3+2j),(6+2j),0,2,-1,1.0,True
1148,(3+2j),(6+3j),5,1,4,2,True
1149,(3+2j),(6+4j),3,0,2,1,True
1150,(3+2j),(6+5j),1,6,6,1,True
1151,(3+2j),(6+6j),6,5,1,3,True
1152,(3+3j),0j,1,0,6,3,True
1153,(3+3j),1j,3,1,2,6,True
1154,(3+3j),2j,5,2,4,0,True
1155,(3+3j),3j,0,3,-1,5.0,True
1156,(3+3j),4j,2,4,3,6,True
1157,(3+3j),5j,4,5,5,0,True
1158,(3+3j),6j,6,6,1,3,True
1159,(3+3j),(1+0j),5,2,4,4,True
1160,(3+3j),(1+1j),1,0,6,4,True
1161,(3+3j),(1+2j),4,5,5,3,True
1162,(3+3j),(1+3j),0,3,-1,2.0,True
1163,(3+3j),(1+4j),3,1,2,3,True
1164,(3+3j),(1+5j),6,6,1,2,True
1165,(3+3j),(1+6j),2,4,3,2,True
1166,(3+3j),(2+0j),3,1,2,0,True
1167,(3+3j),(2+1j),2,4,3,5,True
1168,(3+3j),(2+2j),1,0,6,5,True
1169,(3+3j),(2+3j),0,3,-1,6.0,True
1170,(3+3j),(2+4j),6,6,1,1,True
1171,(3+3j),(2+5j),5,2,4,1,True
1172,(3+3j),(2+6j),4,5,5,6,True
1173,(3+3j),(3+0j),-1,3,0,5,True
1174,(3+3j),(3+1j),-1,3,0,2,True
1175,(3+3j),(3+2j),-1,3,0,6,True
1176,(3+3j),(3+4j),-1,3,0,0,True
1177,(3+3j),(3+5j),-1,3,0,4,True
1178,(3+3j),(3+6j),-1,3,0,1,True
1179,(3+3j),(4+0j),4,5,5,5,True
1180,(3+3j),(4+1j),5,2,4,2,True
1181,(3+3j),(4+2j),6,6,1,6,True
1182,(3+3j),(4+3j),0,3,-1,0.0,True
1183,(3+3j),(4+4j),1,0,6,0,True
1184,(3+3j),(4+5j),2,4,3,4,True
1185,(3+3j),(4+6j),3,1,2,1,True
1186,(3+3j),(5+0j),2,4,3,0,True
1187,(3+3j),(5+1j),6,6,1,5,True
1188,(3+3j),(5+2j),3,1,2,5,True
1189,(3+3j),(5+3j),0,3,-1,4.0,True
1190,(3+3j),(5+4j),4,5,5,1,True
1191,(3+3j),(5+5j),1,0,6,1,True
1192,(3+3j),(5+6j),5,2,4,6,True
1193,(3+3j),(6+0j),6,6,1,4,True
1194,(3+3j),(6+1j),4,5,5,4,True
1195,(3+3j),(6+2j),2,4,3,3,True
1196,(3+3j),(6+3j),0,3,-1,1.0,True
1197,(3+3j),(6+4j),5,2,4,3,True
1198,(3+3j),(6+5j),3,1,2,2,True
1199,(3+3j),(6+6j),1,0,6,2,True
1200,(3+4j),0j,6,0,1,4,True
1201,(3+4j),1j,1,1,6,4,True
1202,(3+4j),2j,3,2,2,0,True
1203,(3+4j),3j,5,3,4,1,True
1204,(3+4j),4j,0,4,-1,5.0,True
1205,(3+4j),5j,2,5,3,0,True
1206,(3+4j),6j,4,6,5,1,True
1207,(3+4j),(1+0j),2,5,3,3,True
1208,(3+4j),(1+1j),5,3,4,5,True
1209,(3+4j),(1+2j),1,1,6,5,True
1210,(3+4j),(1+3j),4,6,5,4,True
1211,(3+4j),(1+4j),0,4,-1,2.0,True
1212,(3+4j),(1+5j),3,2,2,4,True
1213,(3+4j),(1+6j),6,0,1,3,True
1214,(3+4j),(2+0j),4,6,5,0,True
1215,(3+4j),(2+1j),3,2,2,1,True
1216,(3+4j),(2+2j),2,5,3,6,True
1217,(3+4j),(2+3j),1,1,6,6,True
1218,(3+4j),(2+4j),0,4,-1,6.0,True
1219,(3+4j),(2+5j),6,0,1,2,True
1220,(3+4j),(2+6j),5,3,4,2,True
1221,(3+4j),(3+0j),-1,3,0,2,True
1222,(3+4j),(3+1j),-1,3,0,6,True
1223,(3+4j),(3+2j),-1,3,0,3,True
1224,(3+4j),(3+3j),-1,3,0,0,True
1225,(3+4j),(3+5j),-1,3,0,1,True
1226,(3+4j),(3+6j),-1,3,0,5,True
1227,(3+4j),(4+0j),3,2,2,2,True
1228,(3+4j),(4+1j),4,6,5,6,True
1229,(3+4j),(4+2j),5,3,4,3,True
1230,(3+4j),(4+3j),6,0,1,0,True
1231,(3+4j),(4+4j),0,4,-1,0.0,True
1232,(3+4j),(4+5j),1,1,6,1,True
1233,(3+4j),(4+6j),2,5,3,5,True
1234,(3+4j),(5+0j),5,3,4,0,True
1235,(3+4j),(5+1j),2,5,3,1,True
1236,(3+4j),(5+2j),6,0,1,6,True
1237,(3+4j),(5+3j),3,2,2,6,True
1238,(3+4j),(5+4j),0,4,-1,4.0,True
1239,(3+4j),(5+5j),4,6,5,2,True
1240,(3+4j),(5+6j),1,1,6,2,True
1241,(3+4j),(6+0j),1,1,6,3,True
1242,(3+4j),(6+1j),6,0,1,5,True
1243,(3+4j),(6+2j),4,6,5,5,True
1244,(3+4j),(6+3j),2,5,3,4,True
1245,(3+4j),(6+4j),0,4,-1,1.0,True
1246,(3+4j),(6+5j),5,3,4,4,True
1247,(3+4j),(6+6j),3,2,2,3,True
1248,(3+5j),0j,4,0,5,2,True
1249,(3+5j),1j,6,1,1,5,True
1250,(3+5j),2j,1,2,6,5,True
1251,(3+5j),3j,3,3,2,1,True
1252,(3+5j),4j,5,4,4,2,True
1253,(3+5j),5j,0,5,-1,5.0,True
1254,(3+5j),6j,2,6,3,1,True
1255,(3+5j),(1+0j),6,1,1,4,True
1256,(3+5j),(1+1j),2,6,3,4,True
1257,(3+5j),(1+2j),5,4,4,6,True
1258,(3+5j),(1+3j),1,2,6,6,True
1259,(3+5j),(1+4j),4,0,5,5,True
1260,(3+5j),(1+5j),0,5,-1,2.0,True
1261,(3+5j),(1+6j),3,3,2,5,True
1262,(3+5j),(2+0j),5,4,4,3,True
1263,(3+5j),(2+1j),4,0,5,1,True
1264,(3+5j),(2+2j),3,3,2,2,True
1265,(3+5j),(2+3j),2,6,3,0,True
1266,(3+5j),(2+4j),1,2,6,0,True
1267,(3+5j),(2+5j),0,5,-1,6.0,True
1268,(3+5j),(2+6j),6,1,1,3,True
1269,(3+5j),(3+0j),-1,3,0,6,True
1270,(3+5j),(3+1j),-1,3,0,3,True
1271,(3+5j),(3+2j),-1,3,0,0,True
1272,(3+5j),(3+3j),-1,3,0,4,True
1273,(3+5j),(3+4j),-1,3,0,1,True
1274,(3+5j),(3+6j),-1,3,0,2,True
1275,(3+5j),(4+0j),2,6,3,6,True
1276,(3+5j),(4+1j),3,3,2,3,True
1277,(3+5j),(4+2j),4,0,5,0,True
1278,(3+5j),(4+3j),5,4,4,4,True
1279,(3+5j),(4+4j),6,1,1,1,True
1280,(3+5j),(4+5j),0,5,-1,0.0,True
1281,(3+5j),(4+6j),1,2,6,2,True
1282,(3+5j),(5+0j),1,2,6,3,True
1283,(3+5j),(5+1j),5,4,4,1,True
1284,(3+5j),(5+2j),2,6,3,2,True
1285,(3+5j),(5+3j),6,1,1,0,True
1286,(3+5j),(5+4j),3,3,2,0,True
1287,(3+5j),(5+5j),0,5,-1,4.0,True
1288,(3+5j),(5+6j),4,0,5,3,True
1289,(3+5j),(6+0j),3,3,2,4,True
1290,(3+5j),(6+1j),1,2,6,4,True
1291,(3+5j),(6+2j),6,1,1,6,True
1292,(3+5j),(6+3j),4,0,5,6,True
1293,(3+5j),(6+4j),2,6,3,5,True
1294,(3+5j),(6+5j),0,5,-1,1.0,True
1295,(3+5j),(6+6j),5,4,4,5,True
1296,(3+6j),0j,2,0,3,2,True
1297,(3+6j),1j,4,1,5,3,True
1298,(3+6j),2j,6,2,1,6,True
1299,(3+6j),3j,1,3,6,6,True
1300,(3+6j),4j,3,4,2,2,True
1301,(3+6j),5j,5,5,4,3,True
1302,(3+6j),6j,0,6,-1,5.0,True
1303,(3+6j),(1+0j),3,4,2,6,True
1304,(3+6j),(1+1j),6,2,1,5,True
1305,(3+6j),(1+2j),2,0,3,5,True
1306,(3+6j),(1+3j),5,5,4,0,True
1307,(3+6j),(1+4j),1,3,6,0,True
1308,(3+6j),(1+5j),4,1,5,6,True
1309,(3+6j),(1+6j),0,6,-1,2.0,True
1310,(3+6j),(2+0j),6,2,1,4,True
1311,(3+6j),(2+1j),5,5,4,4,True
1312,(3+6j),(2+2j),4,1,5,2,True
1313,(3+6j),(2+3j),3,4,2,3,True
1314,(3+6j),(2+4j),2,0,3,1,True
1315,(3+6j),(2+5j),1,3,6,1,True
1316,(3+6j),(2+6j),0,6,-1,6.0,True
1317,(3+6j),(3+0j),-1,3,0,3,True
1318,(3+6j),(3+1j),-1,3,0,0,True
1319,(3+6j),(3+2j),-1,3,0,4,True
1320,(3+6j),(3+3j),-1,3,0,1,True
1321,(3+6j),(3+4j),-1,3,0,5,True
1322,(3+6j),(3+5j),-1,3,0,2,True
1323,(3+6j),(4+0j),1,3,6,3,True
1324,(3+6j),(4+1j),2,0,3,0,True
1325,(3+6j),(4+2j),3,4,2,4,True
1326,(3+6j),(4+3j),4,1,5,1,True
1327,(3+6j),(4+4j),5,5,4,5,True
1328,(3+6j),(4+5j),6,2,1,2,True
1329,(3+6j),(4+6j),0,6,-1,0.0,True
1330,(3+6j),(5+0j),4,1,5,4,True
1331,(3+6j),(5+1j),1,3,6,4,True
1332,(3+6j),(5+2j),5,5,4,2,True
1333,(3+6j),(5+3j),2,0,3,3,True
1334,(3+6j),(5+4j),6,2,1,1,True
1335,(3+6j),(5+5j),3,4,2,1,True
1336,(3+6j),(5+6j),0,6,-1,4.0,True
1337,(3+6j),(6+0j),5,5,4,6,True
1338,(3+6j),(6+1j),3,4,2,5,True
1339,(3+6j),(6+2j),1,3,6,5,True
1340,(3+6j),(6+3j),6,2,1,0,True
1341,(3+6j),(6+4j),4,1,5,0,True
1342,(3+6j),(6+5j),2,0,3,6,True
1343,(3+6j),(6+6j),0,6,-1,1.0,True
1344,(4+0j),0j,0,0,-1,2.0,True
1345,(4+0j),1j,5,1,4,3,True
1346,(4+0j),2j,3,2,2,4,True
1347,(4+0j),3j,1,3,6,0,True
1348,(4+0j),4j,6,4,1,0,True
1349,(4+0j),5j,4,5,5,3,True
1350,(4+0j),6j,2,6,3,4,True
1351,(4+0j),(1+0j),0,0,-1,6.0,True
1352,(4+0j),(1+1j),2,6,3,0,True
1353,(4+0j),(1+2j),4,5,5,6,True
1354,(4+0j),(1+3j),6,4,1,6,True
1355,(4+0j),(1+4j),1,3,6,1,True
1356,(4+0j),(1+5j),3,2,2,1,True
1357,(4+0j),(1+6j),5,1,4,0,True
1358,(4+0j),(2+0j),0,0,-1,3.0,True
1359,(4+0j),(2+1j),3,2,2,5,True
1360,(4+0j),(2+2j),6,4,1,5,True
1361,(4+0j),(2+3j),2,6,3,3,True
1362,(4+0j),(2+4j),5,1,4,4,True
1363,(4+0j),(2+5j),1,3,6,2,True
1364,(4+0j),(2+6j),4,5,5,2,True
1365,(4+0j),(3+0j),0,0,-1,0.0,True
1366,(4+0j),(3+1j),6,4,1,4,True
1367,(4+0j),(3+2j),5,1,4,1,True
1368,(4+0j),(3+3j),4,5,5,5,True
1369,(4+0j),(3+4j),3,2,2,2,True
1370,(4+0j),(3+5j),2,6,3,6,True
1371,(4+0j),(3+6j),1,3,6,3,True
1372,(4+0j),(4+1j),-1,4,0,4,True
1373,(4+0j),(4+2j),-1,4,0,1,True
1374,(4+0j),(4+3j),-1,4,0,5,True
1375,(4+0j),(4+4j),-1,4,0,2,True
1376,(4+0j),(4+5j),-1,4,0,6,True
1377,(4+0j),(4+6j),-1,4,0,3,True
1378,(4+0j),(5+0j),0,0,-1,1.0,True
1379,(4+0j),(5+1j),1,3,6,5,True
1380,(4+0j),(5+2j),2,6,3,5,True
1381,(4+0j),(5+3j),3,2,2,3,True
1382,(4+0j),(5+4j),4,5,5,4,True
1383,(4+0j),(5+5j),5,1,4,2,True
1384,(4+0j),(5+6j),6,4,1,2,True
1385,(4+0j),(6+0j),0,0,-1,5.0,True
1386,(4+0j),(6+1j),4,5,5,0,True
1387,(4+0j),(6+2j),1,3,6,6,True
1388,(4+0j),(6+3j),5,1,4,6,True
1389,(4+0j),(6+4j),2,6,3,1,True
1390,(4+0j),(6+5j),6,4,1,1,True
1391,(4+0j),(6+6j),3,2,2,0,True
1392,(4+1j),0j,2,0,3,5,True
1393,(4+1j),1j,0,1,-1,2.0,True
1394,(4+1j),2j,5,2,4,4,True
1395,(4+1j),3j,3,3,2,5,True
1396,(4+1j),4j,1,4,6,1,True
1397,(4+1j),5j,6,5,1,1,True
1398,(4+1j),6j,4,6,5,4,True
1399,(4+1j),(1+0j),5,2,4,1,True
1400,(4+1j),(1+1j),0,1,-1,6.0,True
1401,(4+1j),(1+2j),2,0,3,1,True
1402,(4+1j),(1+3j),4,6,5,0,True
1403,(4+1j),(1+4j),6,5,1,0,True
1404,(4+1j),(1+5j),1,4,6,2,True
1405,(4+1j),(1+6j),3,3,2,2,True
1406,(4+1j),(2+0j),4,6,5,3,True
1407,(4+1j),(2+1j),0,1,-1,3.0,True
1408,(4+1j),(2+2j),3,3,2,6,True
1409,(4+1j),(2+3j),6,5,1,6,True
1410,(4+1j),(2+4j),2,0,3,4,True
1411,(4+1j),(2+5j),5,2,4,5,True
1412,(4+1j),(2+6j),1,4,6,3,True
1413,(4+1j),(3+0j),1,4,6,4,True
1414,(4+1j),(3+1j),0,1,-1,0.0,True
1415,(4+1j),(3+2j),6,5,1,5,True
1416,(4+1j),(3+3j),5,2,4,2,True
1417,(4+1j),(3+4j),4,6,5,6,True
1418,(4+1j),(3+5j),3,3,2,3,True
1419,(4+1j),(3+6j),2,0,3,0,True
1420,(4+1j),(4+0j),-1,4,0,4,True
1421,(4+1j),(4+2j),-1,4,0,5,True
1422,(4+1j),(4+3j),-1,4,0,2,True
1423,(4+1j),(4+4j),-1,4,0,6,True
1424,(4+1j),(4+5j),-1,4,0,3,True
1425,(4+1j),(4+6j),-1,4,0,0,True
1426,(4+1j),(5+0j),6,5,1,3,True
1427,(4+1j),(5+1j),0,1,-1,1.0,True
1428,(4+1j),(5+2j),1,4,6,6,True
1429,(4+1j),(5+3j),2,0,3,6,True
1430,(4+1j),(5+4j),3,3,2,4,True
1431,(4+1j),(5+5j),4,6,5,5,True
1432,(4+1j),(5+6j),5,2,4,3,True
1433,(4+1j),(6+0j),3,3,2,1,True
1434,(4+1j),(6+1j),0,1,-1,5.0,True
1435,(4+1j),(6+2j),4,6,5,1,True
1436,(4+1j),(6+3j),1,4,6,0,True
1437,(4+1j),(6+4j),5,2,4,0,True
1438,(4+1j),(6+5j),2,0,3,2,True
1439,(4+1j),(6+6j),6,5,1,2,True
1440,(4+2j),0j,4,0,5,5,True
1441,(4+2j),1j,2,1,3,6,True
1442,(4+2j),2j,0,2,-1,2.0,True
1443,(4+2j),3j,5,3,4,5,True
1444,(4+2j),4j,3,4,2,6,True
1445,(4+2j),5j,1,5,6,2,True
1446,(4+2j),6j,6,6,1,2,True
1447,(4+2j),(1+0j),3,4,2,3,True
1448,(4+2j),(1+1j),5,3,4,2,True
1449,(4+2j),(1+2j),0,2,-1,6.0,True
1450,(4+2j),(1+3j),2,1,3,2,True
1451,(4+2j),(1+4j),4,0,5,1,True
1452,(4+2j),(1+5j),6,6,1,1,True
1453,(4+2j),(1+6j),1,5,6,3,True
1454,(4+2j),(2+0j),1,5,6,4,True
1455,(4+2j),(2+1j),4,0,5,4,True
1456,(4+2j),(2+2j),0,2,-1,3.0,True
1457,(4+2j),(2+3j),3,4,2,0,True
1458,(4+2j),(2+4j),6,6,1,0,True
1459,(4+2j),(2+5j),2,1,3,5,True
1460,(4+2j),(2+6j),5,3,4,6,True
1461,(4+2j),(3+0j),2,1,3,1,True
1462,(4+2j),(3+1j),1,5,6,5,True
1463,(4+2j),(3+2j),0,2,-1,0.0,True
1464,(4+2j),(3+3j),6,6,1,6,True
1465,(4+2j),(3+4j),5,3,4,3,True
1466,(4+2j),(3+5j),4,0,5,0,True
1467,(4+2j),(3+6j),3,4,2,4,True
1468,(4+2j),(4+0j),-1,4,0,1,True
1469,(4+2j),(4+1j),-1,4,0,5,True
1470,(4+2j),(4+3j),-1,4,0,6,True
1471,(4+2j),(4+4j),-1,4,0,3,True
1472,(4+2j),(4+5j),-1,4,0,0,True
1473,(4+2j),(4+6j),-1,4,0,4,True
1474,(4+2j),(5+0j),5,3,4,4,True
1475,(4+2j),(5+1j),6,6,1,4,True
1476,(4+2j),(5+2j),0,2,-1,1.0,True
1477,(4+2j),(5+3j),1,5,6,0,True
1478,(4+2j),(5+4j),2,1,3,0,True
1479,(4+2j),(5+5j),3,4,2,5,True
1480,(4+2j),(5+6j),4,0,5,6,True
1481,(4+2j),(6+0j),6,6,1,3,True
1482,(4+2j),(6+1j),3,4,2,2,True
1483,(4+2j),(6+2j),0,2,-1,5.0,True
1484,(4+2j),(6+3j),4,0,5,2,True
1485,(4+2j),(6+4j),1,5,6,1,True
1486,(4+2j),(6+5j),5,3,4,1,True
1487,(4+2j),(6+6j),2,1,3,3,True
1488,(4+3j),0j,6,0,1,3,True
1489,(4+3j),1j,4,1,5,6,True
1490,(4+3j),2j,2,2,3,0,True
1491,(4+3j),3j,0,3,-1,2.0,True
1492,(4+3j),4j,5,4,4,6,True
1493,(4+3j),5j,3,5,2,0,True
1494,(4+3j),6j,1,6,6,3,True
1495,(4+3j),(1+0j),1,6,6,4,True
1496,(4+3j),(1+1j),3,5,2,4,True
1497,(4+3j),(1+2j),5,4,4,3,True
1498,(4+3j),(1+3j),0,3,-1,6.0,True
1499,(4+3j),(1+4j),2,2,3,3,True
1500,(4+3j),(1+5j),4,1,5,2,True
1501,(4+3j),(1+6j),6,0,1,2,True
1502,(4+3j),(2+0j),5,4,4,0,True
1503,(4+3j),(2+1j),1,6,6,5,True
1504,(4+3j),(2+2j),4,1,5,5,True
1505,(4+3j),(2+3j),0,3,-1,3.0,True
1506,(4+3j),(2+4j),3,5,2,1,True
1507,(4+3j),(2+5j),6,0,1,1,True
1508,(4+3j),(2+6j),2,2,3,6,True
1509,(4+3j),(3+0j),3,5,2,5,True
1510,(4+3j),(3+1j),2,2,3,2,True
1511,(4+3j),(3+2j),1,6,6,6,True
1512,(4+3j),(3+3j),0,3,-1,0.0,True
1513,(4+3j),(3+4j),6,0,1,0,True
1514,(4+3j),(3+5j),5,4,4,4,True
1515,(4+3j),(3+6j),4,1,5,1,True
1516,(4+3j),(4+0j),-1,4,0,5,True
1517,(4+3j),(4+1j),-1,4,0,2,True
1518,(4+3j),(4+2j),-1,4,0,6,True
1519,(4+3j),(4+4j),-1,4,0,0,True
1520,(4+3j),(4+5j),-1,4,0,4,True
1521,(4+3j),(4+6j),-1,4,0,1,True
1522,(4+3j),(5+0j),4,1,5,0,True
1523,(4+3j),(5+1j),5,4,4,5,True
1524,(4+3j),(5+2j),6,0,1,5,True
1525,(4+3j),(5+3j),0,3,-1,1.0,True
1526,(4+3j),(5+4j),1,6,6,1,True
1527,(4+3j),(5+5j),2,2,3,1,True
1528,(4+3j),(5+6j),3,5,2,6,True
1529,(4+3j),(6+0j),2,2,3,4,True
1530,(4+3j),(6+1j),6,0,1,4,True
1531,(4+3j),(6+2j),3,5,2,3,True
1532,(4+3j),(6+3j),0,3,-1,5.0,True
1533,(4+3j),(6+4j),4,1,5,3,True
1534,(4+3j),(6+5j),1,6,6,2,True
1535,(4+3j),(6+6j),5,4,4,2,True
1536,(4+4j),0j,1,0,6,4,True
1537,(4+4j),1j,6,1,1,4,True
1538,(4+4j),2j,4,2,5,0,True
1539,(4+4j),3j,2,3,3,1,True
1540,(4+4j),4j,0,4,-1,2.0,True
1541,(4+4j),5j,5,5,4,0,True
1542,(4+4j),6j,3,6,2,1,True
1543,(4+4j),(1+0j),6,1,1,3,True
1544,(4+4j),(1+1j),1,0,6,5,True
1545,(4+4j),(1+2j),3,6,2,5,True
1546,(4+4j),(1+3j),5,5,4,4,True
1547,(4+4j),(1+4j),0,4,-1,6.0,True
1548,(4+4j),(1+5j),2,3,3,4,True
1549,(4+4j),(1+6j),4,2,5,3,True
1550,(4+4j),(2+0j),2,3,3,0,True
1551,(4+4j),(2+1j),5,5,4,1,True
1552,(4+4j),(2+2j),1,0,6,6,True
1553,(4+4j),(2+3j),4,2,5,6,True
1554,(4+4j),(2+4j),0,4,-1,3.0,True
1555,(4+4j),(2+5j),3,6,2,2,True
1556,(4+4j),(2+6j),6,1,1,2,True
1557,(4+4j),(3+0j),4,2,5,2,True
1558,(4+4j),(3+1j),3,6,2,6,True
1559,(4+4j),(3+2j),2,3,3,3,True
1560,(4+4j),(3+3j),1,0,6,0,True
1561,(4+4j),(3+4j),0,4,-1,0.0,True
1562,(4+4j),(3+5j),6,1,1,1,True
1563,(4+4j),(3+6j),5,5,4,5,True
1564,(4+4j),(4+0j),-1,4,0,2,True
1565,(4+4j),(4+1j),-1,4,0,6,True
1566,(4+4j),(4+2j),-1,4,0,3,True
1567,(4+4j),(4+3j),-1,4,0,0,True
1568,(4+4j),(4+5j),-1,4,0,1,True
1569,(4+4j),(4+6j),-1,4,0,5,True
1570,(4+4j),(5+0j),3,6,2,0,True
1571,(4+4j),(5+1j),4,2,5,1,True
1572,(4+4j),(5+2j),5,5,4,6,True
1573,(4+4j),(5+3j),6,1,1,6,True
1574,(4+4j),(5+4j),0,4,-1,1.0,True
1575,(4+4j),(5+5j),1,0,6,2,True
1576,(4+4j),(5+6j),2,3,3,2,True
1577,(4+4j),(6+0j),5,5,4,3,True
1578,(4+4j),(6+1j),2,3,3,5,True
1579,(4+4j),(6+2j),6,1,1,5,True
1580,(4+4j),(6+3j),3,6,2,4,True
1581,(4+4j),(6+4j),0,4,-1,5.0,True
1582,(4+4j),(6+5j),4,2,5,4,True
1583,(4+4j),(6+6j),1,0,6,3,True
1584,(4+5j),0j,3,0,2,2,True
1585,(4+5j),1j,1,1,6,5,True
1586,(4+5j),2j,6,2,1,5,True
1587,(4+5j),3j,4,3,5,1,True
1588,(4+5j),4j,2,4,3,2,True
1589,(4+5j),5j,0,5,-1,2.0,True
1590,(4+5j),6j,5,6,4,1,True
1591,(4+5j),(1+0j),4,3,5,4,True
1592,(4+5j),(1+1j),6,2,1,4,True
1593,(4+5j),(1+2j),1,1,6,6,True
1594,(4+5j),(1+3j),3,0,2,6,True
1595,(4+5j),(1+4j),5,6,4,5,True
1596,(4+5j),(1+5j),0,5,-1,6.0,True
1597,(4+5j),(1+6j),2,4,3,5,True
1598,(4+5j),(2+0j),6,2,1,3,True
1599,(4+5j),(2+1j),2,4,3,1,True
1600,(4+5j),(2+2j),5,6,4,2,True
1601,(4+5j),(2+3j),1,1,6,0,True
1602,(4+5j),(2+4j),4,3,5,0,True
1603,(4+5j),(2+5j),0,5,-1,3.0,True
1604,(4+5j),(2+6j),3,0,2,3,True
1605,(4+5j),(3+0j),5,6,4,6,True
1606,(4+5j),(3+1j),4,3,5,3,True
1607,(4+5j),(3+2j),3,0,2,0,True
1608,(4+5j),(3+3j),2,4,3,4,True
1609,(4+5j),(3+4j),1,1,6,1,True
1610,(4+5j),(3+5j),0,5,-1,0.0,True
1611,(4+5j),(3+6j),6,2,1,2,True
1612,(4+5j),(4+0j),-1,4,0,6,True
1613,(4+5j),(4+1j),-1,4,0,3,True
1614,(4+5j),(4+2j),-1,4,0,0,True
1615,(4+5j),(4+3j),-1,4,0,4,True
1616,(4+5j),(4+4j),-1,4,0,1,True
1617,(4+5j),(4+6j),-1,4,0,2,True
1618,(4+5j),(5+0j),2,4,3,3,True
1619,(4+5j),(5+1j),3,0,2,1,True
1620,(4+5j),(5+2j),4,3,5,2,True
1621,(4+5j),(5+3j),5,6,4,0,True
1622,(4+5j),(5+4j),6,2,1,0,True
1623,(4+5j),(5+5j),0,5,-1,1.0,True
1624,(4+5j),(5+6j),1,1,6,3,True
1625,(4+5j),(6+0j),1,1,6,4,True
1626,(4+5j),(6+1j),5,6,4,4,True
1627,(4+5j),(6+2j),2,4,3,6,True
1628,(4+5j),(6+3j),6,2,1,6,True
1629,(4+5j),(6+4j),3,0,2,5,True
1630,(4+5j),(6+5j),0,5,-1,5.0,True
1631,(4+5j),(6+6j),4,3,5,5,True
1632,(4+6j),0j,5,0,4,2,True
1633,(4+6j),1j,3,1,2,3,True
1634,(4+6j),2j,1,2,6,6,True
1635,(4+6j),3j,6,3,1,6,True
1636,(4+6j),4j,4,4,5,2,True
1637,(4+6j),5j,2,5,3,3,True
1638,(4+6j),6j,0,6,-1,2.0,True
1639,(4+6j),(1+0j),2,5,3,6,True
1640,(4+6j),(1+1j),4,4,5,5,True
1641,(4+6j),(1+2j),6,3,1,5,True
1642,(4+6j),(1+3j),1,2,6,0,True
1643,(4+6j),(1+4j),3,1,2,0,True
1644,(4+6j),(1+5j),5,0,4,6,True
1645,(4+6j),(1+6j),0,6,-1,6.0,True
1646,(4+6j),(2+0j),3,1,2,4,True
1647,(4+6j),(2+1j),6,3,1,4,True
1648,(4+6j),(2+2j),2,5,3,2,True
1649,(4+6j),(2+3j),5,0,4,3,True
1650,(4+6j),(2+4j),1,2,6,1,True
1651,(4+6j),(2+5j),4,4,5,1,True
1652,(4+6j),(2+6j),0,6,-1,3.0,True
1653,(4+6j),(3+0j),6,3,1,3,True
1654,(4+6j),(3+1j),5,0,4,0,True
1655,(4+6j),(3+2j),4,4,5,4,True
1656,(4+6j),(3+3j),3,1,2,1,True
1657,(4+6j),(3+4j),2,5,3,5,True
1658,(4+6j),(3+5j),1,2,6,2,True
1659,(4+6j),(3+6j),0,6,-1,0.0,True
1660,(4+6j),(4+0j),-1,4,0,3,True
1661,(4+6j),(4+1j),-1,4,0,0,True
1662,(4+6j),(4+2j),-1,4,0,4,True
1663,(4+6j),(4+3j),-1,4,0,1,True
1664,(4+6j),(4+4j),-1,4,0,5,True
1665,(4+6j),(4+5j),-1,4,0,2,True
1666,(4+6j),(5+0j),1,2,6,4,True
1667,(4+6j),(5+1j),2,5,3,4,True
1668,(4+6j),(5+2j),3,1,2,2,True
1669,(4+6j),(5+3j),4,4,5,3,True
1670,(4+6j),(5+4j),5,0,4,1,True
1671,(4+6j),(5+5j),6,3,1,1,True
1672,(4+6j),(5+6j),0,6,-1,1.0,True
1673,(4+6j),(6+0j),4,4,5,6,True
1674,(4+6j),(6+1j),1,2,6,5,True
1675,(4+6j),(6+2j),5,0,4,5,True
1676,(4+6j),(6+3j),2,5,3,0,True
1677,(4+6j),(6+4j),6,3,1,0,True
1678,(4+6j),(6+5j),3,1,2,6,True
1679,(4+6j),(6+6j),0,6,-1,5.0,True
1680,(5+0j),0j,0,0,-1,6.0,True
1681,(5+0j),1j,4,1,5,2,True
1682,(5+0j),2j,1,2,6,0,True
1683,(5+0j),3j,5,3,4,2,True
1684,(5+0j),4j,2,4,3,5,True
1685,(5+0j),5j,6,5,1,0,True
1686,(5+0j),6j,3,6,2,5,True
1687,(5+0j),(1+0j),0,0,-1,3.0,True
1688,(5+0j),(1+1j),5,3,4,6,True
1689,(5+0j),(1+2j),3,6,2,2,True
1690,(5+0j),(1+3j),1,2,6,1,True
1691,(5+0j),(1+4j),6,5,1,6,True
1692,(5+0j),(1+5j),4,1,5,5,True
1693,(5+0j),(1+6j),2,4,3,1,True
1694,(5+0j),(2+0j),0,0,-1,0.0,True
1695,(5+0j),(2+1j),2,4,3,4,True
1696,(5+0j),(2+2j),4,1,5,1,True
1697,(5+0j),(2+3j),6,5,1,5,True
1698,(5+0j),(2+4j),1,2,6,2,True
1699,(5+0j),(2+5j),3,6,2,6,True
1700,(5+0j),(2+6j),5,3,4,3,True
1701,(5+0j),(3+0j),0,0,-1,4.0,True
1702,(5+0j),(3+1j),3,6,2,3,True
1703,(5+0j),(3+2j),6,5,1,4,True
1704,(5+0j),(3+3j),2,4,3,0,True
1705,(5+0j),(3+4j),5,3,4,0,True
1706,(5+0j),(3+5j),1,2,6,3,True
1707,(5+0j),(3+6j),4,1,5,4,True
1708,(5+0j),(4+0j),0,0,-1,1.0,True
1709,(5+0j),(4+1j),6,5,1,3,True
1710,(5+0j),(4+2j),5,3,4,4,True
1711,(5+0j),(4+3j),4,1,5,0,True
1712,(5+0j),(4+4j),3,6,2,0,True
1713,(5+0j),(4+5j),2,4,3,3,True
1714,(5+0j),(4+6j),1,2,6,4,True
1715,(5+0j),(5+1j),-1,5,0,4,True
1716,(5+0j),(5+2j),-1,5,0,1,True
1717,(5+0j),(5+3j),-1,5,0,5,True
1718,(5+0j),(5+4j),-1,5,0,2,True
1719,(5+0j),(5+5j),-1,5,0,6,True
1720,(5+0j),(5+6j),-1,5,0,3,True
1721,(5+0j),(6+0j),0,0,-1,2.0,True
1722,(5+0j),(6+1j),1,2,6,6,True
1723,(5+0j),(6+2j),2,4,3,2,True
1724,(5+0j),(6+3j),3,6,2,1,True
1725,(5+0j),(6+4j),4,1,5,6,True
1726,(5+0j),(6+5j),5,3,4,5,True
1727,(5+0j),(6+6j),6,5,1,1,True
1728,(5+1j),0j,3,0,2,6,True
1729,(5+1j),1j,0,1,-1,6.0,True
1730,(5+1j),2j,4,2,5,3,True
1731,(5+1j),3j,1,3,6,1,True
1732,(5+1j),4j,5,4,4,3,True
1733,(5+1j),5j,2,5,3,6,True
1734,(5+1j),6j,6,6,1,1,True
1735,(5+1j),(1+0j),2,5,3,2,True
1736,(5+1j),(1+1j),0,1,-1,3.0,True
1737,(5+1j),(1+2j),5,4,4,0,True
1738,(5+1j),(1+3j),3,0,2,3,True
1739,(5+1j),(1+4j),1,3,6,2,True
1740,(5+1j),(1+5j),6,6,1,0,True
1741,(5+1j),(1+6j),4,2,5,6,True
1742,(5+1j),(2+0j),5,4,4,4,True
1743,(5+1j),(2+1j),0,1,-1,0.0,True
1744,(5+1j),(2+2j),2,5,3,5,True
1745,(5+1j),(2+3j),4,2,5,2,True
1746,(5+1j),(2+4j),6,6,1,6,True
1747,(5+1j),(2+5j),1,3,6,3,True
1748,(5+1j),(2+6j),3,0,2,0,True
1749,(5+1j),(3+0j),4,2,5,5,True
1750,(5+1j),(3+1j),0,1,-1,4.0,True
1751,(5+1j),(3+2j),3,0,2,4,True
1752,(5+1j),(3+3j),6,6,1,5,True
1753,(5+1j),(3+4j),2,5,3,1,True
1754,(5+1j),(3+5j),5,4,4,1,True
1755,(5+1j),(3+6j),1,3,6,4,True
1756,(5+1j),(4+0j),1,3,6,5,True
1757,(5+1j),(4+1j),0,1,-1,1.0,True
1758,(5+1j),(4+2j),6,6,1,4,True
1759,(5+1j),(4+3j),5,4,4,5,True
1760,(5+1j),(4+4j),4,2,5,1,True
1761,(5+1j),(4+5j),3,0,2,1,True
1762,(5+1j),(4+6j),2,5,3,4,True
1763,(5+1j),(5+0j),-1,5,0,4,True
1764,(5+1j),(5+2j),-1,5,0,5,True
1765,(5+1j),(5+3j),-1,5,0,2,True
1766,(5+1j),(5+4j),-1,5,0,6,True
1767,(5+1j),(5+5j),-1,5,0,3,True
1768,(5+1j),(5+6j),-1,5,0,0,True
1769,(5+1j),(6+0j),6,6,1,2,True
1770,(5+1j),(6+1j),0,1,-1,2.0,True
1771,(5+1j),(6+2j),1,3,6,0,True
1772,(5+1j),(6+3j),2,5,3,3,True
1773,(5+1j),(6+4j),3,0,2,2,True
1774,(5+1j),(6+5j),4,2,5,0,True
1775,(5+1j),(6+6j),5,4,4,6,True
1776,(5+2j),0j,6,0,1,2,True
1777,(5+2j),1j,3,1,2,0,True
1778,(5+2j),2j,0,2,-1,6.0,True
1779,(5+2j),3j,4,3,5,4,True
1780,(5+2j),4j,1,4,6,2,True
1781,(5+2j),5j,5,5,4,4,True
1782,(5+2j),6j,2,6,3,0,True
1783,(5+2j),(1+0j),4,3,5,0,True
1784,(5+2j),(1+1j),2,6,3,3,True
1785,(5+2j),(1+2j),0,2,-1,3.0,True
1786,(5+2j),(1+3j),5,5,4,1,True
1787,(5+2j),(1+4j),3,1,2,4,True
1788,(5+2j),(1+5j),1,4,6,3,True
1789,(5+2j),(1+6j),6,0,1,1,True
1790,(5+2j),(2+0j),3,1,2,1,True
1791,(5+2j),(2+1j),5,5,4,5,True
1792,(5+2j),(2+2j),0,2,-1,0.0,True
1793,(5+2j),(2+3j),2,6,3,6,True
1794,(5+2j),(2+4j),4,3,5,3,True
1795,(5+2j),(2+5j),6,0,1,0,True
1796,(5+2j),(2+6j),1,4,6,4,True
1797,(5+2j),(3+0j),1,4,6,5,True
1798,(5+2j),(3+1j),4,3,5,6,True
1799,(5+2j),(3+2j),0,2,-1,4.0,True
1800,(5+2j),(3+3j),3,1,2,5,True
1801,(5+2j),(3+4j),6,0,1,6,True
1802,(5+2j),(3+5j),2,6,3,2,True
1803,(5+2j),(3+6j),5,5,4,2,True
1804,(5+2j),(4+0j),2,6,3,5,True
1805,(5+2j),(4+1j),1,4,6,6,True
1806,(5+2j),(4+2j),0,2,-1,1.0,True
1807,(5+2j),(4+3j),6,0,1,5,True
1808,(5+2j),(4+4j),5,5,4,6,True
1809,(5+2j),(4+5j),4,3,5,2,True
1810,(5+2j),(4+6j),3,1,2,2,True
1811,(5+2j),(5+0j),-1,5,0,1,True
1812,(5+2j),(5+1j),-1,5,0,5,True
1813,(5+2j),(5+3j),-1,5,0,6,True
1814,(5+2j),(5+4j),-1,5,0,3,True
1815,(5+2j),(5+5j),-1,5,0,0,True
1816,(5+2j),(5+6j),-1,5,0,4,True
1817,(5+2j),(6+0j),5,5,4,0,True
1818,(5+2j),(6+1j),6,0,1,3,True
1819,(5+2j),(6+2j),0,2,-1,2.0,True
1820,(5+2j),(6+3j),1,4,6,1,True
1821,(5+2j),(6+4j),2,6,3,4,True
1822,(5+2j),(6+5j),3,1,2,3,True
1823,(5+2j),(6+6j),4,3,5,1,True
1824,(5+3j),0j,2,0,3,1,True
1825,(5+3j),1j,6,1,1,3,True
1826,(5+3j),2j,3,2,2,1,True
1827,(5+3j),3j,0,3,-1,6.0,True
1828,(5+3j),4j,4,4,5,5,True
1829,(5+3j),5j,1,5,6,3,True
1830,(5+3j),6j,5,6,4,5,True
1831,(5+3j),(1+0j),6,1,1,2,True
1832,(5+3j),(1+1j),4,4,5,1,True
1833,(5+3j),(1+2j),2,0,3,4,True
1834,(5+3j),(1+3j),0,3,-1,3.0,True
1835,(5+3j),(1+4j),5,6,4,2,True
1836,(5+3j),(1+5j),3,2,2,5,True
1837,(5+3j),(1+6j),1,5,6,4,True
1838,(5+3j),(2+0j),1,5,6,5,True
1839,(5+3j),(2+1j),3,2,2,2,True
1840,(5+3j),(2+2j),5,6,4,6,True
1841,(5+3j),(2+3j),0,3,-1,0.0,True
1842,(5+3j),(2+4j),2,0,3,0,True
1843,(5+3j),(2+5j),4,4,5,4,True
1844,(5+3j),(2+6j),6,1,1,1,True
1845,(5+3j),(3+0j),5,6,4,3,True
1846,(5+3j),(3+1j),1,5,6,6,True
1847,(5+3j),(3+2j),4,4,5,0,True
1848,(5+3j),(3+3j),0,3,-1,4.0,True
1849,(5+3j),(3+4j),3,2,2,6,True
1850,(5+3j),(3+5j),6,1,1,0,True
1851,(5+3j),(3+6j),2,0,3,3,True
1852,(5+3j),(4+0j),3,2,2,3,True
1853,(5+3j),(4+1j),2,0,3,6,True
1854,(5+3j),(4+2j),1,5,6,0,True
1855,(5+3j),(4+3j),0,3,-1,1.0,True
1856,(5+3j),(4+4j),6,1,1,6,True
1857,(5+3j),(4+5j),5,6,4,0,True
1858,(5+3j),(4+6j),4,4,5,3,True
1859,(5+3j),(5+0j),-1,5,0,5,True
1860,(5+3j),(5+1j),-1,5,0,2,True
1861,(5+3j),(5+2j),-1,5,0,6,True
1862,(5+3j),(5+4j),-1,5,0,0,True
1863,(5+3j),(5+5j),-1,5,0,4,True
1864,(5+3j),(5+6j),-1,5,0,1,True
1865,(5+3j),(6+0j),4,4,5,2,True
1866,(5+3j),(6+1j),5,6,4,1,True
1867,(5+3j),(6+2j),6,1,1,4,True
1868,(5+3j),(6+3j),0,3,-1,2.0,True
1869,(5+3j),(6+4j),1,5,6,2,True
1870,(5+3j),(6+5j),2,0,3,5,True
1871,(5+3j),(6+6j),3,2,2,4,True
1872,(5+4j),0j,5,0,4,6,True
1873,(5+4j),1j,2,1,3,2,True
1874,(5+4j),2j,6,2,1,4,True
1875,(5+4j),3j,3,3,2,2,True
1876,(5+4j),4j,0,4,-1,6.0,True
1877,(5+4j),5j,4,5,5,6,True
1878,(5+4j),6j,1,6,6,4,True
1879,(5+4j),(1+0j),1,6,6,5,True
1880,(5+4j),(1+1j),6,2,1,3,True
1881,(5+4j),(1+2j),4,5,5,2,True
1882,(5+4j),(1+3j),2,1,3,5,True
1883,(5+4j),(1+4j),0,4,-1,3.0,True
1884,(5+4j),(1+5j),5,0,4,3,True
1885,(5+4j),(1+6j),3,3,2,6,True
1886,(5+4j),(2+0j),6,2,1,2,True
1887,(5+4j),(2+1j),1,6,6,6,True
1888,(5+4j),(2+2j),3,3,2,3,True
1889,(5+4j),(2+3j),5,0,4,0,True
1890,(5+4j),(2+4j),0,4,-1,0.0,True
1891,(5+4j),(2+5j),2,1,3,1,True
1892,(5+4j),(2+6j),4,5,5,5,True
1893,(5+4j),(3+0j),2,1,3,4,True
1894,(5+4j),(3+1j),5,0,4,4,True
1895,(5+4j),(3+2j),1,6,6,0,True
1896,(5+4j),(3+3j),4,5,5,1,True
1897,(5+4j),(3+4j),0,4,-1,4.0,True
1898,(5+4j),(3+5j),3,3,2,0,True
1899,(5+4j),(3+6j),6,2,1,1,True
1900,(5+4j),(4+0j),4,5,5,4,True
1901,(5+4j),(4+1j),3,3,2,4,True
1902,(5+4j),(4+2j),2,1,3,0,True
1903,(5+4j),(4+3j),1,6,6,1,True
1904,(5+4j),(4+4j),0,4,-1,1.0,True
1905,(5+4j),(4+5j),6,2,1,0,True
1906,(5+4j),(4+6j),5,0,4,1,True
1907,(5+4j),(5+0j),-1,5,0,2,True
1908,(5+4j),(5+1j),-1,5,0,6,True
1909,(5+4j),(5+2j),-1,5,0,3,True
1910,(5+4j),(5+3j),-1,5,0,0,True
1911,(5+4j),(5+5j),-1,5,0,1,True
1912,(5+4j),(5+6j),-1,5,0,5,True
1913,(5+4j),(6+0j),3,3,2,5,True
1914,(5+4j),(6+1j),4,5,5,3,True
1915,(5+4j),(6+2j),5,0,4,2,True
1916,(5+4j),(6+3j),6,2,1,5,True
1917,(5+4j),(6+4j),0,4,-1,2.0,True
1918,(5+4j),(6+5j),1,6,6,3,True
1919,(5+4j),(6+6j),2,1,3,6,True
1920,(5+5j),0j,1,0,6,5,True
1921,(5+5j),1j,5,1,4,0,True
1922,(5+5j),2j,2,2,3,3,True
1923,(5+5j),3j,6,3,1,5,True
1924,(5+5j),4j,3,4,2,3,True
1925,(5+5j),5j,0,5,-1,6.0,True
1926,(5+5j),6j,4,6,5,0,True
1927,(5+5j),(1+0j),3,4,2,0,True
1928,(5+5j),(1+1j),1,0,6,6,True
1929,(5+5j),(1+2j),6,3,1,4,True
1930,(5+5j),(1+3j),4,6,5,3,True
1931,(5+5j),(1+4j),2,2,3,6,True
1932,(5+5j),(1+5j),0,5,-1,3.0,True
1933,(5+5j),(1+6j),5,1,4,4,True
1934,(5+5j),(2+0j),4,6,5,6,True
1935,(5+5j),(2+1j),6,3,1,3,True
1936,(5+5j),(2+2j),1,0,6,0,True
1937,(5+5j),(2+3j),3,4,2,4,True
1938,(5+5j),(2+4j),5,1,4,1,True
1939,(5+5j),(2+5j),0,5,-1,0.0,True
1940,(5+5j),(2+6j),2,2,3,2,True
1941,(5+5j),(3+0j),6,3,1,2,True
1942,(5+5j),(3+1j),2,2,3,5,True
1943,(5+5j),(3+2j),5,1,4,5,True
1944,(5+5j),(3+3j),1,0,6,1,True
1945,(5+5j),(3+4j),4,6,5,2,True
1946,(5+5j),(3+5j),0,5,-1,4.0,True
1947,(5+5j),(3+6j),3,4,2,1,True
1948,(5+5j),(4+0j),5,1,4,2,True
1949,(5+5j),(4+1j),4,6,5,5,True
1950,(5+5j),(4+2j),3,4,2,5,True
1951,(5+5j),(4+3j),2,2,3,1,True
1952,(5+5j),(4+4j),1,0,6,2,True
1953,(5+5j),(4+5j),0,5,-1,1.0,True
1954,(5+5j),(4+6j),6,3,1,1,True
1955,(5+5j),(5+0j),-1,5,0,6,True
1956,(5+5j),(5+1j),-1,5,0,3,True
1957,(5+5j),(5+2j),-1,5,0,0,True
1958,(5+5j),(5+3j),-1,5,0,4,True
1959,(5+5j),(5+4j),-1,5,0,1,True
1960,(5+5j),(5+6j),-1,5,0,2,True
1961,(5+5j),(6+0j),2,2,3,0,True
1962,(5+5j),(6+1j),3,4,2,6,True
1963,(5+5j),(6+2j),4,6,5,4,True
1964,(5+5j),(6+3j),5,1,4,3,True
1965,(5+5j),(6+4j),6,3,1,6,True
1966,(5+5j),(6+5j),0,5,-1,2.0,True
1967,(5+5j),(6+6j),1,0,6,4,True
1968,(5+6j),0j,4,0,5,1,True
1969,(5+6j),1j,1,1,6,6,True
1970,(5+6j),2j,5,2,4,1,True
1971,(5+6j),3j,2,3,3,4,True
1972,(5+6j),4j,6,4,1,6,True
1973,(5+6j),5j,3,5,2,4,True
1974,(5+6j),6j,0,6,-1,6.0,True
1975,(5+6j),(1+0j),5,2,4,5,True
1976,(5+6j),(1+1j),3,5,2,1,True
1977,(5+6j),(1+2j),1,1,6,0,True
1978,(5+6j),(1+3j),6,4,1,5,True
1979,(5+6j),(1+4j),4,0,5,4,True
1980,(5+6j),(1+5j),2,3,3,0,True
1981,(5+6j),(1+6j),0,6,-1,3.0,True
1982,(5+6j),(2+0j),2,3,3,3,True
1983,(5+6j),(2+1j),4,0,5,0,True
1984,(5+6j),(2+2j),6,4,1,4,True
1985,(5+6j),(2+3j),1,1,6,1,True
1986,(5+6j),(2+4j),3,5,2,5,True
1987,(5+6j),(2+5j),5,2,4,2,True
1988,(5+6j),(2+6j),0,6,-1,0.0,True
1989,(5+6j),(3+0j),3,5,2,2,True
1990,(5+6j),(3+1j),6,4,1,3,True
1991,(5+6j),(3+2j),2,3,3,6,True
1992,(5+6j),(3+3j),5,2,4,6,True
1993,(5+6j),(3+4j),1,1,6,2,True
1994,(5+6j),(3+5j),4,0,5,3,True
1995,(5+6j),(3+6j),0,6,-1,4.0,True
1996,(5+6j),(4+0j),6,4,1,2,True
1997,(5+6j),(4+1j),5,2,4,3,True
1998,(5+6j),(4+2j),4,0,5,6,True
1999,(5+6j),(4+3j),3,5,2,6,True
2000,(5+6j),(4+4j),2,3,3,2,True
2001,(5+6j),(4+5j),1,1,6,3,True
2002,(5+6j),(4+6j),0,6,-1,1.0,True
2003,(5+6j),(5+0j),-1,5,0,3,True
2004,(5+6j),(5+1j),-1,5,0,0,True
2005,(5+6j),(5+2j),-1,5,0,4,True
2006,(5+6j),(5+3j),-1,5,0,1,True
2007,(5+6j),(5+4j),-1,5,0,5,True
2008,(5+6j),(5+5j),-1,5,0,2,True
2009,(5+6j),(6+0j),1,1,6,5,True
2010,(5+6j),(6+1j),2,3,3,1,True
2011,(5+6j),(6+2j),3,5,2,0,True
2012,(5+6j),(6+3j),4,0,5,5,True
2013,(5+6j),(6+4j),5,2,4,4,True
2014,(5+6j),(6+5j),6,4,1,0,True
2015,(5+6j),(6+6j),0,6,-1,2.0,True
2016,(6+0j),0j,0,0,-1,3.0,True
2017,(6+0j),1j,1,1,6,0,True
2018,(6+0j),2j,2,2,3,6,True
2019,(6+0j),3j,3,3,2,6,True
2020,(6+0j),4j,4,4,5,1,True
2021,(6+0j),5j,5,5,4,1,True
2022,(6+0j),6j,6,6,1,0,True
2023,(6+0j),(1+0j),0,0,-1,0.0,True
2024,(6+0j),(1+1j),4,4,5,4,True
2025,(6+0j),(1+2j),1,1,6,1,True
2026,(6+0j),(1+3j),5,5,4,5,True
2027,(6+0j),(1+4j),2,2,3,2,True
2028,(6+0j),(1+5j),6,6,1,6,True
2029,(6+0j),(1+6j),3,3,2,3,True
2030,(6+0j),(2+0j),0,0,-1,4.0,True
2031,(6+0j),(2+1j),5,5,4,2,True
2032,(6+0j),(2+2j),3,3,2,0,True
2033,(6+0j),(2+3j),1,1,6,2,True
2034,(6+0j),(2+4j),6,6,1,5,True
2035,(6+0j),(2+5j),4,4,5,0,True
2036,(6+0j),(2+6j),2,2,3,5,True
2037,(6+0j),(3+0j),0,0,-1,1.0,True
2038,(6+0j),(3+1j),2,2,3,1,True
2039,(6+0j),(3+2j),4,4,5,3,True
2040,(6+0j),(3+3j),6,6,1,4,True
2041,(6+0j),(3+4j),1,1,6,3,True
2042,(6+0j),(3+5j),3,3,2,4,True
2043,(6+0j),(3+6j),5,5,4,6,True
2044,(6+0j),(4+0j),0,0,-1,5.0,True
2045,(6+0j),(4+1j),3,3,2,1,True
2046,(6+0j),(4+2j),6,6,1,3,True
2047,(6+0j),(4+3j),2,2,3,4,True
2048,(6+0j),(4+4j),5,5,4,3,True
2049,(6+0j),(4+5j),1,1,6,4,True
2050,(6+0j),(4+6j),4,4,5,6,True
2051,(6+0j),(5+0j),0,0,-1,2.0,True
2052,(6+0j),(5+1j),6,6,1,2,True
2053,(6+0j),(5+2j),5,5,4,0,True
2054,(6+0j),(5+3j),4,4,5,2,True
2055,(6+0j),(5+4j),3,3,2,5,True
2056,(6+0j),(5+5j),2,2,3,0,True
2057,(6+0j),(5+6j),1,1,6,5,True
2058,(6+0j),(6+1j),-1,6,0,4,True
2059,(6+0j),(6+2j),-1,6,0,1,True
2060,(6+0j),(6+3j),-1,6,0,5,True
2061,(6+0j),(6+4j),-1,6,0,2,True
2062,(6+0j),(6+5j),-1,6,0,6,True
2063,(6+0j),(6+6j),-1,6,0,3,True
2064,(6+1j),0j,6,0,1,1,True
2065,(6+1j),1j,0,1,-1,3.0,True
2066,(6+1j),2j,1,2,6,1,True
2067,(6+1j),3j,2,3,3,0,True
2068,(6+1j),4j,3,4,2,0,True
2069,(6+1j),5j,4,5,5,2,True
2070,(6+1j),6j,5,6,4,2,True
2071,(6+1j),(1+0j),3,4,2,4,True
2072,(6+1j),(1+1j),0,1,-1,0.0,True
2073,(6+1j),(1+2j),4,5,5,5,True
2074,(6+1j),(1+3j),1,2,6,2,True
2075,(6+1j),(1+4j),5,6,4,6,True
2076,(6+1j),(1+5j),2,3,3,3,True
2077,(6+1j),(1+6j),6,0,1,0,True
2078,(6+1j),(2+0j),2,3,3,6,True
2079,(6+1j),(2+1j),0,1,-1,4.0,True
2080,(6+1j),(2+2j),5,6,4,3,True
2081,(6+1j),(2+3j),3,4,2,1,True
2082,(6+1j),(2+4j),1,2,6,3,True
2083,(6+1j),(2+5j),6,0,1,6,True
2084,(6+1j),(2+6j),4,5,5,1,True
2085,(6+1j),(3+0j),5,6,4,0,True
2086,(6+1j),(3+1j),0,1,-1,1.0,True
2087,(6+1j),(3+2j),2,3,3,2,True
2088,(6+1j),(3+3j),4,5,5,4,True
2089,(6+1j),(3+4j),6,0,1,5,True
2090,(6+1j),(3+5j),1,2,6,4,True
2091,(6+1j),(3+6j),3,4,2,5,True
2092,(6+1j),(4+0j),4,5,5,0,True
2093,(6+1j),(4+1j),0,1,-1,5.0,True
2094,(6+1j),(4+2j),3,4,2,2,True
2095,(6+1j),(4+3j),6,0,1,4,True
2096,(6+1j),(4+4j),2,3,3,5,True
2097,(6+1j),(4+5j),5,6,4,4,True
2098,(6+1j),(4+6j),1,2,6,5,True
2099,(6+1j),(5+0j),1,2,6,6,True
2100,(6+1j),(5+1j),0,1,-1,2.0,True
2101,(6+1j),(5+2j),6,0,1,3,True
2102,(6+1j),(5+3j),5,6,4,1,True
2103,(6+1j),(5+4j),4,5,5,3,True
2104,(6+1j),(5+5j),3,4,2,6,True
2105,(6+1j),(5+6j),2,3,3,1,True
2106,(6+1j),(6+0j),-1,6,0,4,True
2107,(6+1j),(6+2j),-1,6,0,5,True
2108,(6+1j),(6+3j),-1,6,0,2,True
2109,(6+1j),(6+4j),-1,6,0,6,True
2110,(6+1j),(6+5j),-1,6,0,3,True
2111,(6+1j),(6+6j),-1,6,0,0,True
2112,(6+2j),0j,5,0,4,3,True
2113,(6+2j),1j,6,1,1,2,True
2114,(6+2j),2j,0,2,-1,3.0,True
2115,(6+2j),3j,1,3,6,2,True
2116,(6+2j),4j,2,4,3,1,True
2117,(6+2j),5j,3,5,2,1,True
2118,(6+2j),6j,4,6,5,3,True
2119,(6+2j),(1+0j),6,1,1,1,True
2120,(6+2j),(1+1j),3,5,2,5,True
2121,(6+2j),(1+2j),0,2,-1,0.0,True
2122,(6+2j),(1+3j),4,6,5,6,True
2123,(6+2j),(1+4j),1,3,6,3,True
2124,(6+2j),(1+5j),5,0,4,0,True
2125,(6+2j),(1+6j),2,4,3,4,True
2126,(6+2j),(2+0j),4,6,5,2,True
2127,(6+2j),(2+1j),2,4,3,0,True
2128,(6+2j),(2+2j),0,2,-1,4.0,True
2129,(6+2j),(2+3j),5,0,4,4,True
2130,(6+2j),(2+4j),3,5,2,2,True
2131,(6+2j),(2+5j),1,3,6,4,True
2132,(6+2j),(2+6j),6,1,1,0,True
2133,(6+2j),(3+0j),3,5,2,6,True
2134,(6+2j),(3+1j),5,0,4,1,True
2135,(6+2j),(3+2j),0,2,-1,1.0,True
2136,(6+2j),(3+3j),2,4,3,3,True
2137,(6+2j),(3+4j),4,6,5,5,True
2138,(6+2j),(3+5j),6,1,1,6,True
2139,(6+2j),(3+6j),1,3,6,5,True
2140,(6+2j),(4+0j),1,3,6,6,True
2141,(6+2j),(4+1j),4,6,5,1,True
2142,(6+2j),(4+2j),0,2,-1,5.0,True
2143,(6+2j),(4+3j),3,5,2,3,True
2144,(6+2j),(4+4j),6,1,1,5,True
2145,(6+2j),(4+5j),2,4,3,6,True
2146,(6+2j),(4+6j),5,0,4,5,True
2147,(6+2j),(5+0j),2,4,3,2,True
2148,(6+2j),(5+1j),1,3,6,0,True
2149,(6+2j),(5+2j),0,2,-1,2.0,True
2150,(6+2j),(5+3j),6,1,1,4,True
2151,(6+2j),(5+4j),5,0,4,2,True
2152,(6+2j),(5+5j),4,6,5,4,True
2153,(6+2j),(5+6j),3,5,2,0,True
2154,(6+2j),(6+0j),-1,6,0,1,True
2155,(6+2j),(6+1j),-1,6,0,5,True
2156,(6+2j),(6+3j),-1,6,0,6,True
2157,(6+2j),(6+4j),-1,6,0,3,True
2158,(6+2j),(6+5j),-1,6,0,0,True
2159,(6+2j),(6+6j),-1,6,0,4,True
2160,(6+3j),0j,4,0,5,4,True
2161,(6+3j),1j,5,1,4,4,True
2162,(6+3j),2j,6,2,1,3,True
2163,(6+3j),3j,0,3,-1,3.0,True
2164,(6+3j),4j,1,4,6,3,True
2165,(6+3j),5j,2,5,3,2,True
2166,(6+3j),6j,3,6,2,2,True
2167,(6+3j),(1+0j),2,5,3,5,True
2168,(6+3j),(1+1j),6,2,1,2,True
2169,(6+3j),(1+2j),3,6,2,6,True
2170,(6+3j),(1+3j),0,3,-1,0.0,True
2171,(6+3j),(1+4j),4,0,5,0,True
2172,(6+3j),(1+5j),1,4,6,4,True
2173,(6+3j),(1+6j),5,1,4,1,True
2174,(6+3j),(2+0j),6,2,1,1,True
2175,(6+3j),(2+1j),4,0,5,3,True
2176,(6+3j),(2+2j),2,5,3,1,True
2177,(6+3j),(2+3j),0,3,-1,4.0,True
2178,(6+3j),(2+4j),5,1,4,5,True
2179,(6+3j),(2+5j),3,6,2,3,True
2180,(6+3j),(2+6j),1,4,6,5,True
2181,(6+3j),(3+0j),1,4,6,6,True
2182,(6+3j),(3+1j),3,6,2,0,True
2183,(6+3j),(3+2j),5,1,4,2,True
2184,(6+3j),(3+3j),0,3,-1,1.0,True
2185,(6+3j),(3+4j),2,5,3,4,True
2186,(6+3j),(3+5j),4,0,5,6,True
2187,(6+3j),(3+6j),6,2,1,0,True
2188,(6+3j),(4+0j),5,1,4,6,True
2189,(6+3j),(4+1j),1,4,6,0,True
2190,(6+3j),(4+2j),4,0,5,2,True
2191,(6+3j),(4+3j),0,3,-1,5.0,True
2192,(6+3j),(4+4j),3,6,2,4,True
2193,(6+3j),(4+5j),6,2,1,6,True
2194,(6+3j),(4+6j),2,5,3,0,True
2195,(6+3j),(5+0j),3,6,2,1,True
2196,(6+3j),(5+1j),2,5,3,3,True
2197,(6+3j),(5+2j),1,4,6,1,True
2198,(6+3j),(5+3j),0,3,-1,2.0,True
2199,(6+3j),(5+4j),6,2,1,5,True
2200,(6+3j),(5+5j),5,1,4,3,True
2201,(6+3j),(5+6j),4,0,5,5,True
2202,(6+3j),(6+0j),-1,6,0,5,True
2203,(6+3j),(6+1j),-1,6,0,2,True
2204,(6+3j),(6+2j),-1,6,0,6,True
2205,(6+3j),(6+4j),-1,6,0,0,True
2206,(6+3j),(6+5j),-1,6,0,4,True
2207,(6+3j),(6+6j),-1,6,0,1,True
2208,(6+4j),0j,3,0,2,3,True
2209,(6+4j),1j,4,1,5,5,True
2210,(6+4j),2j,5,2,4,5,True
2211,(6+4j),3j,6,3,1,4,True
2212,(6+4j),4j,0,4,-1,3.0,True
2213,(6+4j),5j,1,5,6,4,True
2214,(6+4j),6j,2,6,3,3,True
2215,(6+4j),(1+0j),5,2,4,2,True
2216,(6+4j),(1+1j),2,6,3,6,True
2217,(6+4j),(1+2j),6,3,1,3,True
2218,(6+4j),(1+3j),3,0,2,0,True
2219,(6+4j),(1+4j),0,4,-1,0.0,True
2220,(6+4j),(1+5j),4,1,5,1,True
2221,(6+4j),(1+6j),1,5,6,5,True
2222,(6+4j),(2+0j),1,5,6,6,True
2223,(6+4j),(2+1j),6,3,1,2,True
2224,(6+4j),(2+2j),4,1,5,4,True
2225,(6+4j),(2+3j),2,6,3,2,True
2226,(6+4j),(2+4j),0,4,-1,4.0,True
2227,(6+4j),(2+5j),5,2,4,6,True
2228,(6+4j),(2+6j),3,0,2,4,True
2229,(6+4j),(3+0j),6,3,1,1,True
2230,(6+4j),(3+1j),1,5,6,0,True
2231,(6+4j),(3+2j),3,0,2,1,True
2232,(6+4j),(3+3j),5,2,4,3,True
2233,(6+4j),(3+4j),0,4,-1,1.0,True
2234,(6+4j),(3+5j),2,6,3,5,True
2235,(6+4j),(3+6j),4,1,5,0,True
2236,(6+4j),(4+0j),2,6,3,1,True
2237,(6+4j),(4+1j),5,2,4,0,True
2238,(6+4j),(4+2j),1,5,6,1,True
2239,(6+4j),(4+3j),4,1,5,3,True
2240,(6+4j),(4+4j),0,4,-1,5.0,True
2241,(6+4j),(4+5j),3,0,2,5,True
2242,(6+4j),(4+6j),6,3,1,0,True
2243,(6+4j),(5+0j),4,1,5,6,True
2244,(6+4j),(5+1j),3,0,2,2,True
2245,(6+4j),(5+2j),2,6,3,4,True
2246,(6+4j),(5+3j),1,5,6,2,True
2247,(6+4j),(5+4j),0,4,-1,2.0,True
2248,(6+4j),(5+5j),6,3,1,6,True
2249,(6+4j),(5+6j),5,2,4,4,True
2250,(6+4j),(6+0j),-1,6,0,2,True
2251,(6+4j),(6+1j),-1,6,0,6,True
2252,(6+4j),(6+2j),-1,6,0,3,True
2253,(6+4j),(6+3j),-1,6,0,0,True
2254,(6+4j),(6+5j),-1,6,0,1,True
2255,(6+4j),(6+6j),-1,6,0,5,True
2256,(6+5j),0j,2,0,3,4,True
2257,(6+5j),1j,3,1,2,4,True
2258,(6+5j),2j,4,2,5,6,True
2259,(6+5j),3j,5,3,4,6,True
2260,(6+5j),4j,6,4,1,5,True
2261,(6+5j),5j,0,5,-1,3.0,True
2262,(6+5j),6j,1,6,6,5,True
2263,(6+5j),(1+0j),1,6,6,6,True
2264,(6+5j),(1+1j),5,3,4,3,True
2265,(6+5j),(1+2j),2,0,3,0,True
2266,(6+5j),(1+3j),6,4,1,4,True
2267,(6+5j),(1+4j),3,1,2,1,True
2268,(6+5j),(1+5j),0,5,-1,0.0,True
2269,(6+5j),(1+6j),4,2,5,2,True
2270,(6+5j),(2+0j),3,1,2,5,True
2271,(6+5j),(2+1j),1,6,6,0,True
2272,(6+5j),(2+2j),6,4,1,3,True
2273,(6+5j),(2+3j),4,2,5,5,True
2274,(6+5j),(2+4j),2,0,3,3,True
2275,(6+5j),(2+5j),0,5,-1,4.0,True
2276,(6+5j),(2+6j),5,3,4,0,True
2277,(6+5j),(3+0j),4,2,5,1,True
2278,(6+5j),(3+1j),6,4,1,2,True
2279,(6+5j),(3+2j),1,6,6,1,True
2280,(6+5j),(3+3j),3,1,2,2,True
2281,(6+5j),(3+4j),5,3,4,4,True
2282,(6+5j),(3+5j),0,5,-1,1.0,True
2283,(6+5j),(3+6j),2,0,3,6,True
2284,(6+5j),(4+0j),6,4,1,1,True
2285,(6+5j),(4+1j),2,0,3,2,True
2286,(6+5j),(4+2j),5,3,4,1,True
2287,(6+5j),(4+3j),1,6,6,2,True
2288,(6+5j),(4+4j),4,2,5,4,True
2289,(6+5j),(4+5j),0,5,-1,5.0,True
2290,(6+5j),(4+6j),3,1,2,6,True
2291,(6+5j),(5+0j),5,3,4,5,True
2292,(6+5j),(5+1j),4,2,5,0,True
2293,(6+5j),(5+2j),3,1,2,3,True
2294,(6+5j),(5+3j),2,0,3,5,True
2295,(6+5j),(5+4j),1,6,6,3,True
2296,(6+5j),(5+5j),0,5,-1,2.0,True
2297,(6+5j),(5+6j),6,4,1,0,True
2298,(6+5j),(6+0j),-1,6,0,6,True
2299,(6+5j),(6+1j),-1,6,0,3,True
2300,(6+5j),(6+2j),-1,6,0,0,True
2301,(6+5j),(6+3j),-1,6,0,4,True
2302,(6+5j),(6+4j),-1,6,0,1,True
2303,(6+5j),(6+6j),-1,6,0,2,True
2304,(6+6j),0j,1,0,6,6,True
2305,(6+6j),1j,2,1,3,5,True
2306,(6+6j),2j,3,2,2,5,True
2307,(6+6j),3j,4,3,5,0,True
2308,(6+6j),4j,5,4,4,0,True
2309,(6+6j),5j,6,5,1,6,True
2310,(6+6j),6j,0,6,-1,3.0,True
2311,(6+6j),(1+0j),4,3,5,3,True
2312,(6+6j),(1+1j),1,0,6,0,True
2313,(6+6j),(1+2j),5,4,4,4,True
2314,(6+6j),(1+3j),2,1,3,1,True
2315,(6+6j),(1+4j),6,5,1,5,True
2316,(6+6j),(1+5j),3,2,2,2,True
2317,(6+6j),(1+6j),0,6,-1,0.0,True
2318,(6+6j),(2+0j),5,4,4,1,True
2319,(6+6j),(2+1j),3,2,2,6,True
2320,(6+6j),(2+2j),1,0,6,1,True
2321,(6+6j),(2+3j),6,5,1,4,True
2322,(6+6j),(2+4j),4,3,5,6,True
2323,(6+6j),(2+5j),2,1,3,4,True
2324,(6+6j),(2+6j),0,6,-1,4.0,True
2325,(6+6j),(3+0j),2,1,3,0,True
2326,(6+6j),(3+1j),4,3,5,2,True
2327,(6+6j),(3+2j),6,5,1,3,True
2328,(6+6j),(3+3j),1,0,6,2,True
2329,(6+6j),(3+4j),3,2,2,3,True
2330,(6+6j),(3+5j),5,4,4,5,True
2331,(6+6j),(3+6j),0,6,-1,1.0,True
2332,(6+6j),(4+0j),3,2,2,0,True
2333,(6+6j),(4+1j),6,5,1,2,True
2334,(6+6j),(4+2j),2,1,3,3,True
2335,(6+6j),(4+3j),5,4,4,2,True
2336,(6+6j),(4+4j),1,0,6,3,True
2337,(6+6j),(4+5j),4,3,5,5,True
2338,(6+6j),(4+6j),0,6,-1,5.0,True
2339,(6+6j),(5+0j),6,5,1,1,True
2340,(6+6j),(5+1j),5,4,4,6,True
2341,(6+6j),(5+2j),4,3,5,1,True
2342,(6+6j),(5+3j),3,2,2,4,True
2343,(6+6j),(5+4j),2,1,3,6,True
2344,(6+6j),(5+5j),1,0,6,4,True
2345,(6+6j),(5+6j),0,6,-1,2.0,True
2346,(6+6j),(6+0j),-1,6,0,3,True
2347,(6+6j),(6+1j),-1,6,0,0,True
2348,(6+6j),(6+2j),-1,6,0,4,True
2349,(6+6j),(6+3j),-1,6,0,1,True
2350,(6+6j),(6+4j),-1,6,0,5,True
2351,(6+6j),(6+5j),-1,6,0,2,True
